EmpCode,Category,Process,Month,Cost
ATS96626,Bajaj_Allianz-L1,Bajaj_Allianz-Noida,Aug,35175
ATS95541,Bajaj_Allianz-L1,Bajaj_Allianz-Noida,Aug,35175
ATS96630,Bajaj_Allianz-L1,Bajaj_Allianz-Noida,Aug,35175
ATS96623,Bajaj_Allianz-L1,Bajaj_Allianz-Noida,Aug,35175
ATS95542,Bajaj_Allianz-L1,Bajaj_Allianz-Noida,Aug,35175
ATS94259,Bajaj_Allianz-L1,Bajaj_Allianz-Noida,Aug,35175
ATS96629,Bajaj_Allianz-L1,Bajaj_Allianz-Noida,Aug,35175
ATS96622,Bajaj_Allianz-L1,Bajaj_Allianz-Noida,Aug,35175
ATS79973,Bajaj_Allianz-L1,Bajaj_Allianz-Noida,Aug,35175
ATS96625,Bajaj_Allianz-L1,Bajaj_Allianz-Noida,Aug,35175
ATS94266,Bajaj_Allianz-L1,Bajaj_Allianz-Noida,Aug,35175
ATS95417,Bajaj_Allianz-L1,Bajaj_Allianz-Noida,Aug,35175
ATS85277,Bajaj_Allianz-L1,Bajaj_Allianz-Noida,Aug,35175
ATS96624,Bajaj_Allianz-L1,Bajaj_Allianz-Noida,Aug,35175
ATS90870,Bajaj_Allianz-L1,Bajaj_Allianz-Noida,Aug,35175
ATS89838,Bajaj_Allianz-L1,Bajaj_Allianz-Noida,Aug,35175
ATS77912,Bajaj_Allianz-L1,Bajaj_Allianz-Noida,Aug,35175
ATS86739,Bajaj_Allianz-L1,Bajaj_Allianz-Noida,Aug,35175
ATS96628,Bajaj_Allianz-L1,Bajaj_Allianz-Noida,Aug,35175
ATS84073,Bajaj_Allianz-L1,Bajaj_Allianz-Noida,Aug,35175
ATS80030,Bajaj_Allianz-L1,Bajaj_Allianz-Noida,Aug,35175
ATS95001,Bajaj_Allianz-L1,Bajaj_Allianz-Noida,Aug,35175
ATS94264,Bajaj_Allianz-L1,Bajaj_Allianz-Noida,Aug,35175
ATS94998,Bajaj_Allianz-L1,Bajaj_Allianz-Noida,Aug,35175
ATS79600,Bajaj_Allianz-L1,Bajaj_Allianz-Noida,Aug,35175
ATS88386,Bajaj_Allianz-L1,Bajaj_Allianz-Noida,Aug,35175
ATS95000,Bajaj_Allianz-L1,Bajaj_Allianz-Noida,Aug,35175
ATS81900,Bajaj_Allianz-L1,Bajaj_Allianz-Noida,Aug,35175
ATS79978,Bajaj_Allianz-L1,Bajaj_Allianz-Noida,Aug,35175
ATS95534,Bajaj_Allianz-L1,Bajaj_Allianz-Noida,Aug,35175
ATS89763,Bajaj_Allianz-L1,Bajaj_Allianz-Noida,Aug,35175
ATS94257,Bajaj_Allianz-L1,Bajaj_Allianz-Noida,Aug,35175
ATS90868,Bajaj_Allianz-L1,Bajaj_Allianz-Noida,Aug,35175
ATS84077,Bajaj_Allianz-L1,Bajaj_Allianz-Noida,Aug,35175
ATS83339,Bajaj_Allianz-L1,Bajaj_Allianz-Noida,Aug,35175
ATS95536,Bajaj_Allianz-L1,Bajaj_Allianz-Noida,Aug,35175
ATS84068,Bajaj_Allianz-L1,Bajaj_Allianz-Noida,Aug,35175
ATS79596,Bajaj_Allianz-L1,Bajaj_Allianz-Noida,Aug,35175
ATS73564,Bajaj_Allianz-L1,Bajaj_Allianz-Noida,Aug,35175
ATS85283,Bajaj_Allianz-L1,Bajaj_Allianz-Noida,Aug,35175
ATS81898,Bajaj_Allianz-L1,Bajaj_Allianz-Noida,Aug,35175
ATS70183,Bajaj_Allianz-L1,Bajaj_Allianz-Noida,Aug,35175
ATS95744,Bajaj_Allianz-L1,Bajaj_Allianz-Noida,Aug,35175
ATS82844,Bajaj_Allianz-L1,Bajaj_Allianz-Noida,Aug,35175
ATS97873,Bajaj_Allianz-L1,Bajaj_Allianz-Noida,Aug,35175
ATS97872,Bajaj_Allianz-L1,Bajaj_Allianz-Noida,Aug,35175
ATS97871,Bajaj_Allianz-L1,Bajaj_Allianz-Noida,Aug,35175
ATS97870,Bajaj_Allianz-L1,Bajaj_Allianz-Noida,Aug,35175
ATS97866,Bajaj_Allianz-L1,Bajaj_Allianz-Noida,Aug,35175
ATS97869,Bajaj_Allianz-L1,Bajaj_Allianz-Noida,Aug,35175
ATS97868,Bajaj_Allianz-L1,Bajaj_Allianz-Noida,Aug,35175
ATS97865,Bajaj_Allianz-L1,Bajaj_Allianz-Noida,Aug,35175
ATS98346,Bajaj_Allianz-L1,Bajaj_Allianz-Noida,Aug,35175
ATS98347,Bajaj_Allianz-L1,Bajaj_Allianz-Noida,Aug,35175
ATS97873,Bajaj_Allianz-L1,Bajaj_Allianz-Noida,Sep,35175
ATS97872,Bajaj_Allianz-L1,Bajaj_Allianz-Noida,Sep,35175
ATS73564,Bajaj_Allianz-L1,Bajaj_Allianz-Noida,Sep,35175
ATS81900,Bajaj_Allianz-L1,Bajaj_Allianz-Noida,Sep,35175
ATS95000,Bajaj_Allianz-L1,Bajaj_Allianz-Noida,Sep,35175
ATS79973,Bajaj_Allianz-L1,Bajaj_Allianz-Noida,Sep,35175
ATS95744,Bajaj_Allianz-L1,Bajaj_Allianz-Noida,Sep,35175
ATS89838,Bajaj_Allianz-L1,Bajaj_Allianz-Noida,Sep,35175
ATS88386,Bajaj_Allianz-L1,Bajaj_Allianz-Noida,Sep,35175
ATS79600,Bajaj_Allianz-L1,Bajaj_Allianz-Noida,Sep,35175
ATS84073,Bajaj_Allianz-L1,Bajaj_Allianz-Noida,Sep,35175
ATS96624,Bajaj_Allianz-L1,Bajaj_Allianz-Noida,Sep,35175
ATS90870,Bajaj_Allianz-L1,Bajaj_Allianz-Noida,Sep,35175
ATS86739,Bajaj_Allianz-L1,Bajaj_Allianz-Noida,Sep,35175
ATS95541,Bajaj_Allianz-L1,Bajaj_Allianz-Noida,Sep,35175
ATS89763,Bajaj_Allianz-L1,Bajaj_Allianz-Noida,Sep,35175
ATS98346,Bajaj_Allianz-L1,Bajaj_Allianz-Noida,Sep,35175
ATS90868,Bajaj_Allianz-L1,Bajaj_Allianz-Noida,Sep,35175
ATS96628,Bajaj_Allianz-L1,Bajaj_Allianz-Noida,Sep,35175
ATS82844,Bajaj_Allianz-L1,Bajaj_Allianz-Noida,Sep,35175
ATS85283,Bajaj_Allianz-L1,Bajaj_Allianz-Noida,Sep,35175
ATS83339,Bajaj_Allianz-L1,Bajaj_Allianz-Noida,Sep,35175
ATS96622,Bajaj_Allianz-L1,Bajaj_Allianz-Noida,Sep,35175
ATS97870,Bajaj_Allianz-L1,Bajaj_Allianz-Noida,Sep,35175
ATS96623,Bajaj_Allianz-L1,Bajaj_Allianz-Noida,Sep,35175
ATS94998,Bajaj_Allianz-L1,Bajaj_Allianz-Noida,Sep,35175
ATS94259,Bajaj_Allianz-L1,Bajaj_Allianz-Noida,Sep,35175
ATS79596,Bajaj_Allianz-L1,Bajaj_Allianz-Noida,Sep,35175
ATS95536,Bajaj_Allianz-L1,Bajaj_Allianz-Noida,Sep,35175
ATS97866,Bajaj_Allianz-L1,Bajaj_Allianz-Noida,Sep,35175
ATS95534,Bajaj_Allianz-L1,Bajaj_Allianz-Noida,Sep,35175
ATS97869,Bajaj_Allianz-L1,Bajaj_Allianz-Noida,Sep,35175
ATS77912,Bajaj_Allianz-L1,Bajaj_Allianz-Noida,Sep,35175
ATS95542,Bajaj_Allianz-L1,Bajaj_Allianz-Noida,Sep,35175
ATS81898,Bajaj_Allianz-L1,Bajaj_Allianz-Noida,Sep,35175
ATS94264,Bajaj_Allianz-L1,Bajaj_Allianz-Noida,Sep,35175
ATS97865,Bajaj_Allianz-L1,Bajaj_Allianz-Noida,Sep,35175
ATS70183,Bajaj_Allianz-L1,Bajaj_Allianz-Noida,Sep,35175
ATS80030,Bajaj_Allianz-L1,Bajaj_Allianz-Noida,Sep,35175
ATS84068,Bajaj_Allianz-L1,Bajaj_Allianz-Noida,Sep,35175
ATS97868,Bajaj_Allianz-L1,Bajaj_Allianz-Noida,Sep,35175
ATS95417,Bajaj_Allianz-L1,Bajaj_Allianz-Noida,Sep,35175
ATS79978,Bajaj_Allianz-L1,Bajaj_Allianz-Noida,Sep,35175
ATS96630,Bajaj_Allianz-L1,Bajaj_Allianz-Noida,Sep,35175
ATS94257,Bajaj_Allianz-L1,Bajaj_Allianz-Noida,Sep,35175
ATS84077,Bajaj_Allianz-L1,Bajaj_Allianz-Noida,Sep,35175
ATS96629,Bajaj_Allianz-L1,Bajaj_Allianz-Noida,Sep,35175
ATS94266,Bajaj_Allianz-L1,Bajaj_Allianz-Noida,Sep,35175
ATS99260,Bajaj_Allianz-L1,Bajaj_Allianz-Noida,Sep,35175
ATS99262,Bajaj_Allianz-L1,Bajaj_Allianz-Noida,Sep,35175
ATS99258,Bajaj_Allianz-L1,Bajaj_Allianz-Noida,Sep,35175
ATS99263,Bajaj_Allianz-L1,Bajaj_Allianz-Noida,Sep,35175
ATS99259,Bajaj_Allianz-L1,Bajaj_Allianz-Noida,Sep,35175
ATS99255,Bajaj_Allianz-L1,Bajaj_Allianz-Noida,Sep,35175
ATS99256,Bajaj_Allianz-L1,Bajaj_Allianz-Noida,Sep,35175
ATS97873,Bajaj_Allianz-L1,Bajaj_Allianz-Noida,Oct,35175
ATS95417,Bajaj_Allianz-L1,Bajaj_Allianz-Noida,Oct,35175
ATS73564,Bajaj_Allianz-L1,Bajaj_Allianz-Noida,Oct,35175
ATS99255,Bajaj_Allianz-L1,Bajaj_Allianz-Noida,Oct,35175
ATS81900,Bajaj_Allianz-L1,Bajaj_Allianz-Noida,Oct,35175
ATS95000,Bajaj_Allianz-L1,Bajaj_Allianz-Noida,Oct,35175
ATS79973,Bajaj_Allianz-L1,Bajaj_Allianz-Noida,Oct,35175
ATS95744,Bajaj_Allianz-L1,Bajaj_Allianz-Noida,Oct,35175
ATS89838,Bajaj_Allianz-L1,Bajaj_Allianz-Noida,Oct,35175
ATS88386,Bajaj_Allianz-L1,Bajaj_Allianz-Noida,Oct,35175
ATS79600,Bajaj_Allianz-L1,Bajaj_Allianz-Noida,Oct,35175
ATS84073,Bajaj_Allianz-L1,Bajaj_Allianz-Noida,Oct,35175
ATS96624,Bajaj_Allianz-L1,Bajaj_Allianz-Noida,Oct,35175
ATS86739,Bajaj_Allianz-L1,Bajaj_Allianz-Noida,Oct,35175
ATS99262,Bajaj_Allianz-L1,Bajaj_Allianz-Noida,Oct,35175
ATS95541,Bajaj_Allianz-L1,Bajaj_Allianz-Noida,Oct,35175
ATS96630,Bajaj_Allianz-L1,Bajaj_Allianz-Noida,Oct,35175
ATS89763,Bajaj_Allianz-L1,Bajaj_Allianz-Noida,Oct,35175
ATS98346,Bajaj_Allianz-L1,Bajaj_Allianz-Noida,Oct,35175
ATS90868,Bajaj_Allianz-L1,Bajaj_Allianz-Noida,Oct,35175
ATS94257,Bajaj_Allianz-L1,Bajaj_Allianz-Noida,Oct,35175
ATS85283,Bajaj_Allianz-L1,Bajaj_Allianz-Noida,Oct,35175
ATS83339,Bajaj_Allianz-L1,Bajaj_Allianz-Noida,Oct,35175
ATS96623,Bajaj_Allianz-L1,Bajaj_Allianz-Noida,Oct,35175
ATS94998,Bajaj_Allianz-L1,Bajaj_Allianz-Noida,Oct,35175
ATS99263,Bajaj_Allianz-L1,Bajaj_Allianz-Noida,Oct,35175
ATS79596,Bajaj_Allianz-L1,Bajaj_Allianz-Noida,Oct,35175
ATS97866,Bajaj_Allianz-L1,Bajaj_Allianz-Noida,Oct,35175
ATS97869,Bajaj_Allianz-L1,Bajaj_Allianz-Noida,Oct,35175
ATS96629,Bajaj_Allianz-L1,Bajaj_Allianz-Noida,Oct,35175
ATS77912,Bajaj_Allianz-L1,Bajaj_Allianz-Noida,Oct,35175
ATS95542,Bajaj_Allianz-L1,Bajaj_Allianz-Noida,Oct,35175
ATS94266,Bajaj_Allianz-L1,Bajaj_Allianz-Noida,Oct,35175
ATS97868,Bajaj_Allianz-L1,Bajaj_Allianz-Noida,Oct,35175
ATS99259,Bajaj_Allianz-L1,Bajaj_Allianz-Noida,Oct,35175
ATS70183,Bajaj_Allianz-L1,Bajaj_Allianz-Noida,Oct,35175
ATS80030,Bajaj_Allianz-L1,Bajaj_Allianz-Noida,Oct,35175
ATS84068,Bajaj_Allianz-L1,Bajaj_Allianz-Noida,Oct,35175
ATS81898,Bajaj_Allianz-L1,Bajaj_Allianz-Noida,Oct,35175
ATS90870,Bajaj_Allianz-L1,Bajaj_Allianz-Noida,Oct,35175
ATS99258,Bajaj_Allianz-L1,Bajaj_Allianz-Noida,Oct,35175
ATS82844,Bajaj_Allianz-L1,Bajaj_Allianz-Noida,Oct,35175
ATS96622,Bajaj_Allianz-L1,Bajaj_Allianz-Noida,Oct,35175
ATS94259,Bajaj_Allianz-L1,Bajaj_Allianz-Noida,Oct,35175
ATS95534,Bajaj_Allianz-L1,Bajaj_Allianz-Noida,Oct,35175
ATS99691,Bajaj_Allianz-L1,Bajaj_Allianz-Noida,Oct,35175
ATS99689,Bajaj_Allianz-L1,Bajaj_Allianz-Noida,Oct,35175
ATS99793,Bajaj_Allianz-L1,Bajaj_Allianz-Noida,Oct,35175
ATS99690,Bajaj_Allianz-L1,Bajaj_Allianz-Noida,Oct,35175
ATS99697,Bajaj_Allianz-L1,Bajaj_Allianz-Noida,Oct,35175
ATS99688,Bajaj_Allianz-L1,Bajaj_Allianz-Noida,Oct,35175
ATS99695,Bajaj_Allianz-L1,Bajaj_Allianz-Noida,Oct,35175
ATS99692,Bajaj_Allianz-L1,Bajaj_Allianz-Noida,Oct,35175
ATS99792,Bajaj_Allianz-L1,Bajaj_Allianz-Noida,Oct,35175
ATS99696,Bajaj_Allianz-L1,Bajaj_Allianz-Noida,Oct,35175
ATS99694,Bajaj_Allianz-L1,Bajaj_Allianz-Noida,Oct,35175
ATS97873,Bajaj_Allianz-L1,Bajaj_Allianz-Noida,Nov,35175
ATS95417,Bajaj_Allianz-L1,Bajaj_Allianz-Noida,Nov,35175
ATS99689,Bajaj_Allianz-L1,Bajaj_Allianz-Noida,Nov,35175
ATS99793,Bajaj_Allianz-L1,Bajaj_Allianz-Noida,Nov,35175
ATS73564,Bajaj_Allianz-L1,Bajaj_Allianz-Noida,Nov,35175
ATS99255,Bajaj_Allianz-L1,Bajaj_Allianz-Noida,Nov,35175
ATS81900,Bajaj_Allianz-L1,Bajaj_Allianz-Noida,Nov,35175
ATS79973,Bajaj_Allianz-L1,Bajaj_Allianz-Noida,Nov,35175
ATS99690,Bajaj_Allianz-L1,Bajaj_Allianz-Noida,Nov,35175
ATS99697,Bajaj_Allianz-L1,Bajaj_Allianz-Noida,Nov,35175
ATS89838,Bajaj_Allianz-L1,Bajaj_Allianz-Noida,Nov,35175
ATS88386,Bajaj_Allianz-L1,Bajaj_Allianz-Noida,Nov,35175
ATS79600,Bajaj_Allianz-L1,Bajaj_Allianz-Noida,Nov,35175
ATS96624,Bajaj_Allianz-L1,Bajaj_Allianz-Noida,Nov,35175
ATS90870,Bajaj_Allianz-L1,Bajaj_Allianz-Noida,Nov,35175
ATS86739,Bajaj_Allianz-L1,Bajaj_Allianz-Noida,Nov,35175
ATS99262,Bajaj_Allianz-L1,Bajaj_Allianz-Noida,Nov,35175
ATS95541,Bajaj_Allianz-L1,Bajaj_Allianz-Noida,Nov,35175
ATS96630,Bajaj_Allianz-L1,Bajaj_Allianz-Noida,Nov,35175
ATS99688,Bajaj_Allianz-L1,Bajaj_Allianz-Noida,Nov,35175
ATS89763,Bajaj_Allianz-L1,Bajaj_Allianz-Noida,Nov,35175
ATS98346,Bajaj_Allianz-L1,Bajaj_Allianz-Noida,Nov,35175
ATS99695,Bajaj_Allianz-L1,Bajaj_Allianz-Noida,Nov,35175
ATS90868,Bajaj_Allianz-L1,Bajaj_Allianz-Noida,Nov,35175
ATS99692,Bajaj_Allianz-L1,Bajaj_Allianz-Noida,Nov,35175
ATS99792,Bajaj_Allianz-L1,Bajaj_Allianz-Noida,Nov,35175
ATS99258,Bajaj_Allianz-L1,Bajaj_Allianz-Noida,Nov,35175
ATS94257,Bajaj_Allianz-L1,Bajaj_Allianz-Noida,Nov,35175
ATS85283,Bajaj_Allianz-L1,Bajaj_Allianz-Noida,Nov,35175
ATS83339,Bajaj_Allianz-L1,Bajaj_Allianz-Noida,Nov,35175
ATS94998,Bajaj_Allianz-L1,Bajaj_Allianz-Noida,Nov,35175
ATS94259,Bajaj_Allianz-L1,Bajaj_Allianz-Noida,Nov,35175
ATS79596,Bajaj_Allianz-L1,Bajaj_Allianz-Noida,Nov,35175
ATS97869,Bajaj_Allianz-L1,Bajaj_Allianz-Noida,Nov,35175
ATS77912,Bajaj_Allianz-L1,Bajaj_Allianz-Noida,Nov,35175
ATS95542,Bajaj_Allianz-L1,Bajaj_Allianz-Noida,Nov,35175
ATS94266,Bajaj_Allianz-L1,Bajaj_Allianz-Noida,Nov,35175
ATS99694,Bajaj_Allianz-L1,Bajaj_Allianz-Noida,Nov,35175
ATS97868,Bajaj_Allianz-L1,Bajaj_Allianz-Noida,Nov,35175
ATS99259,Bajaj_Allianz-L1,Bajaj_Allianz-Noida,Nov,35175
ATS70183,Bajaj_Allianz-L1,Bajaj_Allianz-Noida,Nov,35175
ATS84068,Bajaj_Allianz-L1,Bajaj_Allianz-Noida,Nov,35175
ATS81898,Bajaj_Allianz-L1,Bajaj_Allianz-Noida,Nov,35175
ATS95744,Bajaj_Allianz-L1,Bajaj_Allianz-Noida,Nov,35175
ATS82844,Bajaj_Allianz-L1,Bajaj_Allianz-Noida,Nov,35175
ATS99696,Bajaj_Allianz-L1,Bajaj_Allianz-Noida,Nov,35175
ATS95534,Bajaj_Allianz-L1,Bajaj_Allianz-Noida,Nov,35175
ATS80030,Bajaj_Allianz-L1,Bajaj_Allianz-Noida,Nov,35175
ATS84073,Bajaj_Allianz-L1,Bajaj_Allianz-Noida,Nov,35175
ATS99263,Bajaj_Allianz-L1,Bajaj_Allianz-Noida,Nov,35175
ATS96622,Bajaj_Allianz-L1,Bajaj_Allianz-Noida,Nov,35175
ATS100984,Bajaj_Allianz-L1,Bajaj_Allianz-Noida,Nov,35175
ATS100864,Bajaj_Allianz-L1,Bajaj_Allianz-Noida,Nov,35175
ATS100862,Bajaj_Allianz-L1,Bajaj_Allianz-Noida,Nov,35175
ATS100986,Bajaj_Allianz-L1,Bajaj_Allianz-Noida,Nov,35175
ATS100985,Bajaj_Allianz-L1,Bajaj_Allianz-Noida,Nov,35175
ATS100987,Bajaj_Allianz-L1,Bajaj_Allianz-Noida,Nov,35175
ATS100860,Bajaj_Allianz-L1,Bajaj_Allianz-Noida,Nov,35175
ATS100861,Bajaj_Allianz-L1,Bajaj_Allianz-Noida,Nov,35175
ATS100865,Bajaj_Allianz-L1,Bajaj_Allianz-Noida,Nov,35175
ATS100859,Bajaj_Allianz-L1,Bajaj_Allianz-Noida,Nov,35175
ATS100994,Bajaj_Allianz-L1,Bajaj_Allianz-Noida,Nov,35175
ATS100991,Bajaj_Allianz-L1,Bajaj_Allianz-Noida,Nov,35175
ATS101017,Bajaj_Allianz-L1,Bajaj_Allianz-Noida,Nov,35175
ATS101018,Bajaj_Allianz-L1,Bajaj_Allianz-Noida,Nov,35175
ATS100990,Bajaj_Allianz-L1,Bajaj_Allianz-Noida,Nov,35175
ATS100993,Bajaj_Allianz-L1,Bajaj_Allianz-Noida,Nov,35175
ATS101016,Bajaj_Allianz-L1,Bajaj_Allianz-Noida,Nov,35175
ATS101015,Bajaj_Allianz-L1,Bajaj_Allianz-Noida,Nov,35175
ATS ID,Bajaj_Allianz-L1,Bajaj_Allianz-Noida,Dec,35175
ATS97873,Bajaj_Allianz-L1,Bajaj_Allianz-Noida,Dec,35175
ATS100994,Bajaj_Allianz-L1,Bajaj_Allianz-Noida,Dec,35175
ATS100984,Bajaj_Allianz-L1,Bajaj_Allianz-Noida,Dec,35175
ATS95417,Bajaj_Allianz-L1,Bajaj_Allianz-Noida,Dec,35175
ATS99689,Bajaj_Allianz-L1,Bajaj_Allianz-Noida,Dec,35175
ATS87804,Bajaj_Allianz-L1,Bajaj_Allianz-Noida,Dec,35175
ATS99793,Bajaj_Allianz-L1,Bajaj_Allianz-Noida,Dec,35175
ATS100864,Bajaj_Allianz-L1,Bajaj_Allianz-Noida,Dec,35175
ATS73564,Bajaj_Allianz-L1,Bajaj_Allianz-Noida,Dec,35175
ATS99256,Bajaj_Allianz-L1,Bajaj_Allianz-Noida,Dec,35175
ATS99690,Bajaj_Allianz-L1,Bajaj_Allianz-Noida,Dec,35175
ATS77904,Bajaj_Allianz-L1,Bajaj_Allianz-Noida,Dec,35175
ATS71184,Bajaj_Allianz-L1,Bajaj_Allianz-Noida,Dec,35175
ATS95744,Bajaj_Allianz-L1,Bajaj_Allianz-Noida,Dec,35175
ATS89838,Bajaj_Allianz-L1,Bajaj_Allianz-Noida,Dec,35175
ATS88386,Bajaj_Allianz-L1,Bajaj_Allianz-Noida,Dec,35175
ATS101015,Bajaj_Allianz-L1,Bajaj_Allianz-Noida,Dec,35175
ATS99260,Bajaj_Allianz-L1,Bajaj_Allianz-Noida,Dec,35175
ATS87782,Bajaj_Allianz-L1,Bajaj_Allianz-Noida,Dec,35175
ATS84073,Bajaj_Allianz-L1,Bajaj_Allianz-Noida,Dec,35175
ATS96624,Bajaj_Allianz-L1,Bajaj_Allianz-Noida,Dec,35175
ATS76448,Bajaj_Allianz-L1,Bajaj_Allianz-Noida,Dec,35175
ATS100985,Bajaj_Allianz-L1,Bajaj_Allianz-Noida,Dec,35175
ATS100987,Bajaj_Allianz-L1,Bajaj_Allianz-Noida,Dec,35175
ATS86739,Bajaj_Allianz-L1,Bajaj_Allianz-Noida,Dec,35175
ATS99262,Bajaj_Allianz-L1,Bajaj_Allianz-Noida,Dec,35175
ATS95541,Bajaj_Allianz-L1,Bajaj_Allianz-Noida,Dec,35175
ATS96630,Bajaj_Allianz-L1,Bajaj_Allianz-Noida,Dec,35175
ATS99688,Bajaj_Allianz-L1,Bajaj_Allianz-Noida,Dec,35175
ATS89763,Bajaj_Allianz-L1,Bajaj_Allianz-Noida,Dec,35175
ATS98346,Bajaj_Allianz-L1,Bajaj_Allianz-Noida,Dec,35175
ATS100860,Bajaj_Allianz-L1,Bajaj_Allianz-Noida,Dec,35175
ATS99692,Bajaj_Allianz-L1,Bajaj_Allianz-Noida,Dec,35175
ATS99792,Bajaj_Allianz-L1,Bajaj_Allianz-Noida,Dec,35175
ATS99258,Bajaj_Allianz-L1,Bajaj_Allianz-Noida,Dec,35175
ATS94257,Bajaj_Allianz-L1,Bajaj_Allianz-Noida,Dec,35175
ATS72994,Bajaj_Allianz-L1,Bajaj_Allianz-Noida,Dec,35175
ATS84075,Bajaj_Allianz-L1,Bajaj_Allianz-Noida,Dec,35175
ATS94998,Bajaj_Allianz-L1,Bajaj_Allianz-Noida,Dec,35175
ATS94259,Bajaj_Allianz-L1,Bajaj_Allianz-Noida,Dec,35175
ATS100990,Bajaj_Allianz-L1,Bajaj_Allianz-Noida,Dec,35175
ATS99263,Bajaj_Allianz-L1,Bajaj_Allianz-Noida,Dec,35175
ATS94263,Bajaj_Allianz-L1,Bajaj_Allianz-Noida,Dec,35175
ATS79596,Bajaj_Allianz-L1,Bajaj_Allianz-Noida,Dec,35175
ATS100861,Bajaj_Allianz-L1,Bajaj_Allianz-Noida,Dec,35175
ATS95534,Bajaj_Allianz-L1,Bajaj_Allianz-Noida,Dec,35175
ATS100993,Bajaj_Allianz-L1,Bajaj_Allianz-Noida,Dec,35175
ATS97869,Bajaj_Allianz-L1,Bajaj_Allianz-Noida,Dec,35175
ATS101097,Bajaj_Allianz-L1,Bajaj_Allianz-Noida,Dec,35175
ATS100865,Bajaj_Allianz-L1,Bajaj_Allianz-Noida,Dec,35175
ATS77912,Bajaj_Allianz-L1,Bajaj_Allianz-Noida,Dec,35175
ATS95542,Bajaj_Allianz-L1,Bajaj_Allianz-Noida,Dec,35175
ATS79652,Bajaj_Allianz-L1,Bajaj_Allianz-Noida,Dec,35175
ATS94266,Bajaj_Allianz-L1,Bajaj_Allianz-Noida,Dec,35175
ATS88535,Bajaj_Allianz-L1,Bajaj_Allianz-Noida,Dec,35175
ATS99694,Bajaj_Allianz-L1,Bajaj_Allianz-Noida,Dec,35175
ATS99259,Bajaj_Allianz-L1,Bajaj_Allianz-Noida,Dec,35175
ATS70183,Bajaj_Allianz-L1,Bajaj_Allianz-Noida,Dec,35175
ATS80030,Bajaj_Allianz-L1,Bajaj_Allianz-Noida,Dec,35175
ATS84068,Bajaj_Allianz-L1,Bajaj_Allianz-Noida,Dec,35175
ATS81898,Bajaj_Allianz-L1,Bajaj_Allianz-Noida,Dec,35175
ATS71663,Bajaj_Allianz-L1,Bajaj_Allianz-Noida,Dec,35175
ATS100986,Bajaj_Allianz-L1,Bajaj_Allianz-Noida,Dec,35175
ATS101018,Bajaj_Allianz-L1,Bajaj_Allianz-Noida,Dec,35175
ATS82844,Bajaj_Allianz-L1,Bajaj_Allianz-Noida,Dec,35175
ATS90868,Bajaj_Allianz-L1,Bajaj_Allianz-Noida,Dec,35175
ATS97868,Bajaj_Allianz-L1,Bajaj_Allianz-Noida,Dec,35175
ATS101563,Bajaj_Allianz-L1,Bajaj_Allianz-Noida,Dec,35175
ATS101564,Bajaj_Allianz-L1,Bajaj_Allianz-Noida,Dec,35175
ATS101560,Bajaj_Allianz-L1,Bajaj_Allianz-Noida,Dec,35175
ATS101715,Bajaj_Allianz-L1,Bajaj_Allianz-Noida,Dec,35175
ATS101508,Bajaj_Allianz-L1,Bajaj_Allianz-Noida,Dec,35175
ATS101562,Bajaj_Allianz-L1,Bajaj_Allianz-Noida,Dec,35175
ATS101507,Bajaj_Allianz-L1,Bajaj_Allianz-Noida,Dec,35175
ATS101561,Bajaj_Allianz-L1,Bajaj_Allianz-Noida,Dec,35175
ATS77904,Bajaj_Allianz-L2,Bajaj_Allianz-Noida,Aug,39000
ATS90866,Bajaj_Allianz-L2,Bajaj_Allianz-Noida,Aug,39000
ATS71184,Bajaj_Allianz-L2,Bajaj_Allianz-Noida,Aug,39000
ATS71663,Bajaj_Allianz-L2,Bajaj_Allianz-Noida,Aug,39000
ATS72994,Bajaj_Allianz-L2,Bajaj_Allianz-Noida,Aug,39000
ATS76448,Bajaj_Allianz-L2,Bajaj_Allianz-Noida,Aug,39000
ATS79652,Bajaj_Allianz-L2,Bajaj_Allianz-Noida,Aug,39000
ATS84075,Bajaj_Allianz-L2,Bajaj_Allianz-Noida,Aug,39000
ATS90865,Bajaj_Allianz-L2,Bajaj_Allianz-Noida,Aug,39000
ATS88535,Bajaj_Allianz-L2,Bajaj_Allianz-Noida,Aug,39000
ATS87782,Bajaj_Allianz-L2,Bajaj_Allianz-Noida,Aug,39000
ATS94263,Bajaj_Allianz-L2,Bajaj_Allianz-Noida,Aug,39000
ATS71663,Bajaj_Allianz-L2,Bajaj_Allianz-Noida,Sep,39000
ATS77904,Bajaj_Allianz-L2,Bajaj_Allianz-Noida,Sep,39000
ATS71184,Bajaj_Allianz-L2,Bajaj_Allianz-Noida,Sep,39000
ATS90866,Bajaj_Allianz-L2,Bajaj_Allianz-Noida,Sep,39000
ATS87782,Bajaj_Allianz-L2,Bajaj_Allianz-Noida,Sep,39000
ATS76448,Bajaj_Allianz-L2,Bajaj_Allianz-Noida,Sep,39000
ATS72994,Bajaj_Allianz-L2,Bajaj_Allianz-Noida,Sep,39000
ATS84075,Bajaj_Allianz-L2,Bajaj_Allianz-Noida,Sep,39000
ATS94263,Bajaj_Allianz-L2,Bajaj_Allianz-Noida,Sep,39000
ATS88535,Bajaj_Allianz-L2,Bajaj_Allianz-Noida,Sep,39000
ATS79652,Bajaj_Allianz-L2,Bajaj_Allianz-Noida,Sep,39000
ATS71663,Bajaj_Allianz-L2,Bajaj_Allianz-Noida,Oct,39000
ATS99256,Bajaj_Allianz-L2,Bajaj_Allianz-Noida,Oct,39000
ATS77904,Bajaj_Allianz-L2,Bajaj_Allianz-Noida,Oct,39000
ATS79978,Bajaj_Allianz-L2,Bajaj_Allianz-Noida,Oct,39000
ATS71184,Bajaj_Allianz-L2,Bajaj_Allianz-Noida,Oct,39000
ATS99260,Bajaj_Allianz-L2,Bajaj_Allianz-Noida,Oct,39000
ATS76448,Bajaj_Allianz-L2,Bajaj_Allianz-Noida,Oct,39000
ATS72994,Bajaj_Allianz-L2,Bajaj_Allianz-Noida,Oct,39000
ATS84075,Bajaj_Allianz-L2,Bajaj_Allianz-Noida,Oct,39000
ATS88535,Bajaj_Allianz-L2,Bajaj_Allianz-Noida,Oct,39000
ATS94263,Bajaj_Allianz-L2,Bajaj_Allianz-Noida,Oct,39000
ATS87782,Bajaj_Allianz-L2,Bajaj_Allianz-Noida,Oct,39000
ATS79652,Bajaj_Allianz-L2,Bajaj_Allianz-Noida,Oct,39000
ATS71663,Bajaj_Allianz-L2,Bajaj_Allianz-Noida,Nov,40000
ATS99256,Bajaj_Allianz-L2,Bajaj_Allianz-Noida,Nov,40000
ATS77904,Bajaj_Allianz-L2,Bajaj_Allianz-Noida,Nov,40000
ATS79978,Bajaj_Allianz-L2,Bajaj_Allianz-Noida,Nov,40000
ATS71184,Bajaj_Allianz-L2,Bajaj_Allianz-Noida,Nov,40000
ATS99260,Bajaj_Allianz-L2,Bajaj_Allianz-Noida,Nov,40000
ATS76448,Bajaj_Allianz-L2,Bajaj_Allianz-Noida,Nov,40000
ATS72994,Bajaj_Allianz-L2,Bajaj_Allianz-Noida,Nov,40000
ATS84075,Bajaj_Allianz-L2,Bajaj_Allianz-Noida,Nov,40000
ATS94263,Bajaj_Allianz-L2,Bajaj_Allianz-Noida,Nov,40000
ATS79652,Bajaj_Allianz-L2,Bajaj_Allianz-Noida,Nov,40000
ATS79973,Bajaj_Allianz-L2,Bajaj_Allianz-Noida,Dec,39000
ATS100862,Bajaj_Allianz-L2,Bajaj_Allianz-Noida,Dec,39000
ATS99697,Bajaj_Allianz-L2,Bajaj_Allianz-Noida,Dec,39000
ATS79978,Bajaj_Allianz-L2,Bajaj_Allianz-Noida,Dec,39000
ATS101379,Bajaj_Allianz-L2,Bajaj_Allianz-Noida,Dec,39000
ATS79600,Bajaj_Allianz-L2,Bajaj_Allianz-Noida,Dec,39000
ATS90870,Bajaj_Allianz-L2,Bajaj_Allianz-Noida,Dec,39000
ATS85283,Bajaj_Allianz-L2,Bajaj_Allianz-Noida,Dec,39000
ATS83339,Bajaj_Allianz-L2,Bajaj_Allianz-Noida,Dec,39000
ATS99696,Bajaj_Allianz-L2,Bajaj_Allianz-Noida,Dec,39000
ATS101016,Bajaj_Allianz-L2,Bajaj_Allianz-Noida,Dec,39000
ATS100859,Bajaj_Allianz-L2,Bajaj_Allianz-Noida,Dec,39000
ATS100991,Bajaj_Allianz-L2,Bajaj_Allianz-Noida,Dec,39000
ATS101017,Bajaj_Allianz-L2,Bajaj_Allianz-Noida,Dec,39000
ATS81900,Bajaj_Allianz-L2,Bajaj_Allianz-Noida,Dec,39000
ATS92359,Max_Life-SDPL,Max_Life-SDPL,Aug,30540
ATS92240,Max_Life-SDPL,Max_Life-SDPL,Aug,30540
ATS91462,Max_Life-SDPL,Max_Life-SDPL,Aug,30540
ATS97054,Max_Life-SDPL,Max_Life-SDPL,Aug,30540
ATS92589,Max_Life-SDPL,Max_Life-SDPL,Aug,30540
ATS75473,Max_Life-SDPL,Max_Life-SDPL,Aug,30540
ATS85154,Max_Life-SDPL,Max_Life-SDPL,Aug,30540
ATS90892,Max_Life-SDPL,Max_Life-SDPL,Aug,30540
ATS83060,Max_Life-SDPL,Max_Life-SDPL,Aug,30540
ATS89282,Max_Life-SDPL,Max_Life-SDPL,Aug,30540
ATS97055,Max_Life-SDPL,Max_Life-SDPL,Aug,30540
ATS69163,Max_Life-SDPL,Max_Life-SDPL,Aug,30540
ATS70258,Max_Life-SDPL,Max_Life-SDPL,Aug,30540
ATS69978,Max_Life-SDPL,Max_Life-SDPL,Aug,30540
ATS88935,Max_Life-SDPL,Max_Life-SDPL,Aug,30540
ATS92012,Max_Life-SDPL,Max_Life-SDPL,Aug,30540
ATS90894,Max_Life-SDPL,Max_Life-SDPL,Aug,30540
ATS92312,Max_Life-SDPL,Max_Life-SDPL,Aug,30540
ATS92008,Max_Life-SDPL,Max_Life-SDPL,Aug,30540
ATS90053,Max_Life-SDPL,Max_Life-SDPL,Aug,30540
ATS97157,Max_Life-SDPL,Max_Life-SDPL,Aug,30540
ATS92364,Max_Life-SDPL,Max_Life-SDPL,Aug,30540
ATS86115,Max_Life-SDPL,Max_Life-SDPL,Aug,30540
ATS92016,Max_Life-SDPL,Max_Life-SDPL,Aug,30540
ATS97153,Max_Life-SDPL,Max_Life-SDPL,Aug,30540
ATS46967,Max_Life-SDPL,Max_Life-SDPL,Aug,30540
ATS83901,Max_Life-SDPL,Max_Life-SDPL,Aug,30540
ATS97152,Max_Life-SDPL,Max_Life-SDPL,Aug,30540
ATS92586,Max_Life-SDPL,Max_Life-SDPL,Aug,30540
ATS68843,Max_Life-SDPL,Max_Life-SDPL,Aug,30540
ATS92360,Max_Life-SDPL,Max_Life-SDPL,Aug,30540
ATS89284,Max_Life-SDPL,Max_Life-SDPL,Aug,30540
ATS92313,Max_Life-SDPL,Max_Life-SDPL,Aug,30540
ATS92315,Max_Life-SDPL,Max_Life-SDPL,Aug,30540
ATS97057,Max_Life-SDPL,Max_Life-SDPL,Aug,30540
ATS97156,Max_Life-SDPL,Max_Life-SDPL,Aug,30540
ATS64705,Max_Life-SDPL,Max_Life-SDPL,Aug,30540
ATS78531,Max_Life-SDPL,Max_Life-SDPL,Aug,30540
ATS87152,Max_Life-SDPL,Max_Life-SDPL,Aug,30540
ATS83063,Max_Life-SDPL,Max_Life-SDPL,Aug,30540
ATS91461,Max_Life-SDPL,Max_Life-SDPL,Aug,30540
ATS91424,Max_Life-SDPL,Max_Life-SDPL,Aug,30540
ATS93646,Max_Life-SDPL,Max_Life-SDPL,Aug,30540
ATS88952,Max_Life-SDPL,Max_Life-SDPL,Aug,30540
ATS92316,Max_Life-SDPL,Max_Life-SDPL,Aug,30540
ATS97052,Max_Life-SDPL,Max_Life-SDPL,Aug,30540
ATS92362,Max_Life-SDPL,Max_Life-SDPL,Aug,30540
ATS97053,Max_Life-SDPL,Max_Life-SDPL,Aug,30540
ATS92585,Max_Life-SDPL,Max_Life-SDPL,Aug,30540
ATS82054,Max_Life-SDPL,Max_Life-SDPL,Aug,30540
ATS92314,Max_Life-SDPL,Max_Life-SDPL,Aug,30540
ATS91434,Max_Life-SDPL,Max_Life-SDPL,Aug,30540
ATS54482,Max_Life-SDPL,Max_Life-SDPL,Aug,30540
ATS92007,Max_Life-SDPL,Max_Life-SDPL,Aug,30540
ATS69826,Max_Life-SDPL,Max_Life-SDPL,Aug,30540
ATS97155,Max_Life-SDPL,Max_Life-SDPL,Aug,30540
ATS98635,Max_Life-SDPL,Max_Life-SDPL,Aug,30540
ATS98495,Max_Life-SDPL,Max_Life-SDPL,Aug,30540
ATS98494,Max_Life-SDPL,Max_Life-SDPL,Aug,30540
ATS98497,Max_Life-SDPL,Max_Life-SDPL,Aug,30540
ATS98381,Max_Life-SDPL,Max_Life-SDPL,Aug,30540
ATS92012,Max_Life-SDPL,Max_Life-SDPL,Sep,30540
ATS92312,Max_Life-SDPL,Max_Life-SDPL,Sep,30540
ATS69978,Max_Life-SDPL,Max_Life-SDPL,Sep,30540
ATS70258,Max_Life-SDPL,Max_Life-SDPL,Sep,30540
ATS97055,Max_Life-SDPL,Max_Life-SDPL,Sep,30540
ATS83901,Max_Life-SDPL,Max_Life-SDPL,Sep,30540
ATS92016,Max_Life-SDPL,Max_Life-SDPL,Sep,30540
ATS92585,Max_Life-SDPL,Max_Life-SDPL,Sep,30540
ATS46967,Max_Life-SDPL,Max_Life-SDPL,Sep,30540
ATS90053,Max_Life-SDPL,Max_Life-SDPL,Sep,30540
ATS86115,Max_Life-SDPL,Max_Life-SDPL,Sep,30540
ATS92314,Max_Life-SDPL,Max_Life-SDPL,Sep,30540
ATS83063,Max_Life-SDPL,Max_Life-SDPL,Sep,30540
ATS92315,Max_Life-SDPL,Max_Life-SDPL,Sep,30540
ATS92589,Max_Life-SDPL,Max_Life-SDPL,Sep,30540
ATS91462,Max_Life-SDPL,Max_Life-SDPL,Sep,30540
ATS92360,Max_Life-SDPL,Max_Life-SDPL,Sep,30540
ATS92007,Max_Life-SDPL,Max_Life-SDPL,Sep,30540
ATS98381,Max_Life-SDPL,Max_Life-SDPL,Sep,30540
ATS69826,Max_Life-SDPL,Max_Life-SDPL,Sep,30540
ATS87152,Max_Life-SDPL,Max_Life-SDPL,Sep,30540
ATS78531,Max_Life-SDPL,Max_Life-SDPL,Sep,30540
ATS91461,Max_Life-SDPL,Max_Life-SDPL,Sep,30540
ATS98635,Max_Life-SDPL,Max_Life-SDPL,Sep,30540
ATS98494,Max_Life-SDPL,Max_Life-SDPL,Sep,30540
ATS92362,Max_Life-SDPL,Max_Life-SDPL,Sep,30540
ATS97052,Max_Life-SDPL,Max_Life-SDPL,Sep,30540
ATS82054,Max_Life-SDPL,Max_Life-SDPL,Sep,30540
ATS88952,Max_Life-SDPL,Max_Life-SDPL,Sep,30540
ATS91434,Max_Life-SDPL,Max_Life-SDPL,Sep,30540
ATS91424,Max_Life-SDPL,Max_Life-SDPL,Sep,30540
ATS92008,Max_Life-SDPL,Max_Life-SDPL,Sep,30540
ATS97053,Max_Life-SDPL,Max_Life-SDPL,Sep,30540
ATS97153,Max_Life-SDPL,Max_Life-SDPL,Sep,30540
ATS92364,Max_Life-SDPL,Max_Life-SDPL,Sep,30540
ATS54482,Max_Life-SDPL,Max_Life-SDPL,Sep,30540
ATS89284,Max_Life-SDPL,Max_Life-SDPL,Sep,30540
ATS97054,Max_Life-SDPL,Max_Life-SDPL,Sep,30540
ATS92586,Max_Life-SDPL,Max_Life-SDPL,Sep,30540
ATS68843,Max_Life-SDPL,Max_Life-SDPL,Sep,30540
ATS92359,Max_Life-SDPL,Max_Life-SDPL,Sep,30540
ATS97155,Max_Life-SDPL,Max_Life-SDPL,Sep,30540
ATS75473,Max_Life-SDPL,Max_Life-SDPL,Sep,30540
ATS98495,Max_Life-SDPL,Max_Life-SDPL,Sep,30540
ATS98497,Max_Life-SDPL,Max_Life-SDPL,Sep,30540
ATS89282,Max_Life-SDPL,Max_Life-SDPL,Sep,30540
ATS83060,Max_Life-SDPL,Max_Life-SDPL,Sep,30540
ATS93646,Max_Life-SDPL,Max_Life-SDPL,Sep,30540
ATS97057,Max_Life-SDPL,Max_Life-SDPL,Sep,30540
ATS97152,Max_Life-SDPL,Max_Life-SDPL,Sep,30540
ATS92240,Max_Life-SDPL,Max_Life-SDPL,Sep,30540
ATS85154,Max_Life-SDPL,Max_Life-SDPL,Sep,30540
ATS69163,Max_Life-SDPL,Max_Life-SDPL,Sep,30540
ATS97157,Max_Life-SDPL,Max_Life-SDPL,Sep,30540
ATS98498,Max_Life-SDPL,Max_Life-SDPL,Sep,30540
ATS99335,Max_Life-SDPL,Max_Life-SDPL,Sep,30540
ATS99337,Max_Life-SDPL,Max_Life-SDPL,Sep,30540
ATS99340,Max_Life-SDPL,Max_Life-SDPL,Sep,30540
ATS99339,Max_Life-SDPL,Max_Life-SDPL,Sep,30540
ATS92586,Max_Life-SDPL,Max_Life-SDPL,Oct,30540
ATS98498,Max_Life-SDPL,Max_Life-SDPL,Oct,30540
ATS88952,Max_Life-SDPL,Max_Life-SDPL,Oct,30540
ATS75473,Max_Life-SDPL,Max_Life-SDPL,Oct,30540
ATS68843,Max_Life-SDPL,Max_Life-SDPL,Oct,30540
ATS89282,Max_Life-SDPL,Max_Life-SDPL,Oct,30540
ATS99340,Max_Life-SDPL,Max_Life-SDPL,Oct,30540
ATS92240,Max_Life-SDPL,Max_Life-SDPL,Oct,30540
ATS97053,Max_Life-SDPL,Max_Life-SDPL,Oct,30540
ATS92008,Max_Life-SDPL,Max_Life-SDPL,Oct,30540
ATS92359,Max_Life-SDPL,Max_Life-SDPL,Oct,30540
ATS54482,Max_Life-SDPL,Max_Life-SDPL,Oct,30540
ATS90053,Max_Life-SDPL,Max_Life-SDPL,Oct,30540
ATS97055,Max_Life-SDPL,Max_Life-SDPL,Oct,30540
ATS97155,Max_Life-SDPL,Max_Life-SDPL,Oct,30540
ATS97054,Max_Life-SDPL,Max_Life-SDPL,Oct,30540
ATS82054,Max_Life-SDPL,Max_Life-SDPL,Oct,30540
ATS98494,Max_Life-SDPL,Max_Life-SDPL,Oct,30540
ATS98495,Max_Life-SDPL,Max_Life-SDPL,Oct,30540
ATS97153,Max_Life-SDPL,Max_Life-SDPL,Oct,30540
ATS92589,Max_Life-SDPL,Max_Life-SDPL,Oct,30540
ATS91462,Max_Life-SDPL,Max_Life-SDPL,Oct,30540
ATS92364,Max_Life-SDPL,Max_Life-SDPL,Oct,30540
ATS98497,Max_Life-SDPL,Max_Life-SDPL,Oct,30540
ATS69978,Max_Life-SDPL,Max_Life-SDPL,Oct,30540
ATS46967,Max_Life-SDPL,Max_Life-SDPL,Oct,30540
ATS99335,Max_Life-SDPL,Max_Life-SDPL,Oct,30540
ATS92312,Max_Life-SDPL,Max_Life-SDPL,Oct,30540
ATS86115,Max_Life-SDPL,Max_Life-SDPL,Oct,30540
ATS91461,Max_Life-SDPL,Max_Life-SDPL,Oct,30540
ATS92007,Max_Life-SDPL,Max_Life-SDPL,Oct,30540
ATS97157,Max_Life-SDPL,Max_Life-SDPL,Oct,30540
ATS78531,Max_Life-SDPL,Max_Life-SDPL,Oct,30540
ATS92315,Max_Life-SDPL,Max_Life-SDPL,Oct,30540
ATS99328,Max_Life-SDPL,Max_Life-SDPL,Oct,30540
ATS69826,Max_Life-SDPL,Max_Life-SDPL,Oct,30540
ATS83901,Max_Life-SDPL,Max_Life-SDPL,Oct,30540
ATS92360,Max_Life-SDPL,Max_Life-SDPL,Oct,30540
ATS93646,Max_Life-SDPL,Max_Life-SDPL,Oct,30540
ATS98381,Max_Life-SDPL,Max_Life-SDPL,Oct,30540
ATS92585,Max_Life-SDPL,Max_Life-SDPL,Oct,30540
ATS97152,Max_Life-SDPL,Max_Life-SDPL,Oct,30540
ATS97057,Max_Life-SDPL,Max_Life-SDPL,Oct,30540
ATS70258,Max_Life-SDPL,Max_Life-SDPL,Oct,30540
ATS98635,Max_Life-SDPL,Max_Life-SDPL,Oct,30540
ATS87152,Max_Life-SDPL,Max_Life-SDPL,Oct,30540
ATS97052,Max_Life-SDPL,Max_Life-SDPL,Oct,30540
ATS99337,Max_Life-SDPL,Max_Life-SDPL,Oct,30540
ATS92016,Max_Life-SDPL,Max_Life-SDPL,Oct,30540
ATS91434,Max_Life-SDPL,Max_Life-SDPL,Oct,30540
ATS83063,Max_Life-SDPL,Max_Life-SDPL,Oct,30540
ATS83060,Max_Life-SDPL,Max_Life-SDPL,Oct,30540
ATS69163,Max_Life-SDPL,Max_Life-SDPL,Oct,30540
ATS85154,Max_Life-SDPL,Max_Life-SDPL,Oct,30540
ATS100144,Max_Life-SDPL,Max_Life-SDPL,Oct,30540
ATS100142,Max_Life-SDPL,Max_Life-SDPL,Oct,30540
ATS100179,Max_Life-SDPL,Max_Life-SDPL,Oct,30540
ATS100143,Max_Life-SDPL,Max_Life-SDPL,Oct,30540
ATS100141,Max_Life-SDPL,Max_Life-SDPL,Oct,30540
ATS97057,Max_Life-SDPL,Max_Life-SDPL,Nov,30540
ATS68843,Max_Life-SDPL,Max_Life-SDPL,Nov,30540
ATS75473,Max_Life-SDPL,Max_Life-SDPL,Nov,30540
ATS89282,Max_Life-SDPL,Max_Life-SDPL,Nov,30540
ATS97052,Max_Life-SDPL,Max_Life-SDPL,Nov,30540
ATS92586,Max_Life-SDPL,Max_Life-SDPL,Nov,30540
ATS88952,Max_Life-SDPL,Max_Life-SDPL,Nov,30540
ATS99340,Max_Life-SDPL,Max_Life-SDPL,Nov,30540
ATS98498,Max_Life-SDPL,Max_Life-SDPL,Nov,30540
ATS100179,Max_Life-SDPL,Max_Life-SDPL,Nov,30540
ATS97053,Max_Life-SDPL,Max_Life-SDPL,Nov,30540
ATS92008,Max_Life-SDPL,Max_Life-SDPL,Nov,30540
ATS83060,Max_Life-SDPL,Max_Life-SDPL,Nov,30540
ATS97155,Max_Life-SDPL,Max_Life-SDPL,Nov,30540
ATS97054,Max_Life-SDPL,Max_Life-SDPL,Nov,30540
ATS54482,Max_Life-SDPL,Max_Life-SDPL,Nov,30540
ATS91434,Max_Life-SDPL,Max_Life-SDPL,Nov,30540
ATS85154,Max_Life-SDPL,Max_Life-SDPL,Nov,30540
ATS92359,Max_Life-SDPL,Max_Life-SDPL,Nov,30540
ATS69163,Max_Life-SDPL,Max_Life-SDPL,Nov,30540
ATS98494,Max_Life-SDPL,Max_Life-SDPL,Nov,30540
ATS82054,Max_Life-SDPL,Max_Life-SDPL,Nov,30540
ATS92240,Max_Life-SDPL,Max_Life-SDPL,Nov,30540
ATS97153,Max_Life-SDPL,Max_Life-SDPL,Nov,30540
ATS92364,Max_Life-SDPL,Max_Life-SDPL,Nov,30540
ATS92589,Max_Life-SDPL,Max_Life-SDPL,Nov,30540
ATS91461,Max_Life-SDPL,Max_Life-SDPL,Nov,30540
ATS91462,Max_Life-SDPL,Max_Life-SDPL,Nov,30540
ATS92312,Max_Life-SDPL,Max_Life-SDPL,Nov,30540
ATS100141,Max_Life-SDPL,Max_Life-SDPL,Nov,30540
ATS69978,Max_Life-SDPL,Max_Life-SDPL,Nov,30540
ATS100142,Max_Life-SDPL,Max_Life-SDPL,Nov,30540
ATS99335,Max_Life-SDPL,Max_Life-SDPL,Nov,30540
ATS100144,Max_Life-SDPL,Max_Life-SDPL,Nov,30540
ATS86115,Max_Life-SDPL,Max_Life-SDPL,Nov,30540
ATS92016,Max_Life-SDPL,Max_Life-SDPL,Nov,30540
ATS90053,Max_Life-SDPL,Max_Life-SDPL,Nov,30540
ATS97055,Max_Life-SDPL,Max_Life-SDPL,Nov,30540
ATS97157,Max_Life-SDPL,Max_Life-SDPL,Nov,30540
ATS93646,Max_Life-SDPL,Max_Life-SDPL,Nov,30540
ATS83063,Max_Life-SDPL,Max_Life-SDPL,Nov,30540
ATS69826,Max_Life-SDPL,Max_Life-SDPL,Nov,30540
ATS78531,Max_Life-SDPL,Max_Life-SDPL,Nov,30540
ATS92315,Max_Life-SDPL,Max_Life-SDPL,Nov,30540
ATS98381,Max_Life-SDPL,Max_Life-SDPL,Nov,30540
ATS92360,Max_Life-SDPL,Max_Life-SDPL,Nov,30540
ATS97152,Max_Life-SDPL,Max_Life-SDPL,Nov,30540
ATS87152,Max_Life-SDPL,Max_Life-SDPL,Nov,30540
ATS99337,Max_Life-SDPL,Max_Life-SDPL,Nov,30540
ATS92585,Max_Life-SDPL,Max_Life-SDPL,Nov,30540
ATS70258,Max_Life-SDPL,Max_Life-SDPL,Nov,30540
ATS98635,Max_Life-SDPL,Max_Life-SDPL,Nov,30540
ATS83901,Max_Life-SDPL,Max_Life-SDPL,Nov,30540
ATS100759,Max_Life-SDPL,Max_Life-SDPL,Nov,30540
ATS100749,Max_Life-SDPL,Max_Life-SDPL,Nov,30540
ATS100756,Max_Life-SDPL,Max_Life-SDPL,Nov,30540
ATS100831,Max_Life-SDPL,Max_Life-SDPL,Nov,30540
ATS100757,Max_Life-SDPL,Max_Life-SDPL,Nov,30540
ATS100755,Max_Life-SDPL,Max_Life-SDPL,Nov,30540
ATS100758,Max_Life-SDPL,Max_Life-SDPL,Nov,30540
ATS100833,Max_Life-SDPL,Max_Life-SDPL,Nov,30540
ATS100750,Max_Life-SDPL,Max_Life-SDPL,Nov,30540
ATS100751,Max_Life-SDPL,Max_Life-SDPL,Dec,30540
ATS100146,Max_Life-SDPL,Max_Life-SDPL,Dec,30540
ATS100209,Max_Life-SDPL,Max_Life-SDPL,Dec,30540
ATS100178,Max_Life-SDPL,Max_Life-SDPL,Dec,30540
ATS100145,Max_Life-SDPL,Max_Life-SDPL,Dec,30540
ATS101607,Max_Life-SDPL,Max_Life-SDPL,Dec,30540
ATS101673,Max_Life-SDPL,Max_Life-SDPL,Dec,30540
ATS101605,Max_Life-SDPL,Max_Life-SDPL,Dec,30540
ATS101576,Max_Life-SDPL,Max_Life-SDPL,Dec,30540
ATS101604,Max_Life-SDPL,Max_Life-SDPL,Dec,30540
ATS101675,Max_Life-SDPL,Max_Life-SDPL,Dec,30540
ATS101608,Max_Life-SDPL,Max_Life-SDPL,Dec,30540
ATS101606,Max_Life-SDPL,Max_Life-SDPL,Dec,30540
ATS101577,Max_Life-SDPL,Max_Life-SDPL,Dec,30540
ATS101574,Max_Life-SDPL,Max_Life-SDPL,Dec,30540
ATS92315,Max_Life-SDPL,Max_Life-SDPL,Dec,30540
ATS101674,Max_Life-SDPL,Max_Life-SDPL,Dec,30540
ATS101078,Max_Life-SDPL,Max_Life-SDPL,Dec,30540
ATS101065,Max_Life-SDPL,Max_Life-SDPL,Dec,30540
ATS97052,Max_Life-SDPL,Max_Life-SDPL,Dec,30540
ATS101064,Max_Life-SDPL,Max_Life-SDPL,Dec,30540
ATS101067,Max_Life-SDPL,Max_Life-SDPL,Dec,30540
ATS101068,Max_Life-SDPL,Max_Life-SDPL,Dec,30540
ATS101075,Max_Life-SDPL,Max_Life-SDPL,Dec,30540
ATS101082,Max_Life-SDPL,Max_Life-SDPL,Dec,30540
ATS101073,Max_Life-SDPL,Max_Life-SDPL,Dec,30540
ATS90053,Max_Life-SDPL,Max_Life-SDPL,Dec,30540
ATS100755,Max_Life-SDPL,Max_Life-SDPL,Dec,30540
ATS101069,Max_Life-SDPL,Max_Life-SDPL,Dec,30540
ATS86115,Max_Life-SDPL,Max_Life-SDPL,Dec,30540
ATS97055,Max_Life-SDPL,Max_Life-SDPL,Dec,30540
ATS101079,Max_Life-SDPL,Max_Life-SDPL,Dec,30540
ATS101119,Max_Life-SDPL,Max_Life-SDPL,Dec,30540
ATS82054,Max_Life-SDPL,Max_Life-SDPL,Dec,30540
ATS100142,Max_Life-SDPL,Max_Life-SDPL,Dec,30540
ATS97053,Max_Life-SDPL,Max_Life-SDPL,Dec,30540
ATS92016,Max_Life-SDPL,Max_Life-SDPL,Dec,30540
ATS92359,Max_Life-SDPL,Max_Life-SDPL,Dec,30540
ATS101071,Max_Life-SDPL,Max_Life-SDPL,Dec,30540
ATS97054,Max_Life-SDPL,Max_Life-SDPL,Dec,30540
ATS100141,Max_Life-SDPL,Max_Life-SDPL,Dec,30540
ATS88952,Max_Life-SDPL,Max_Life-SDPL,Dec,30540
ATS100831,Max_Life-SDPL,Max_Life-SDPL,Dec,30540
ATS101066,Max_Life-SDPL,Max_Life-SDPL,Dec,30540
ATS91434,Max_Life-SDPL,Max_Life-SDPL,Dec,30540
ATS93646,Max_Life-SDPL,Max_Life-SDPL,Dec,30540
ATS101070,Max_Life-SDPL,Max_Life-SDPL,Dec,30540
ATS97152,Max_Life-SDPL,Max_Life-SDPL,Dec,30540
ATS100750,Max_Life-SDPL,Max_Life-SDPL,Dec,30540
ATS100759,Max_Life-SDPL,Max_Life-SDPL,Dec,30540
ATS100749,Max_Life-SDPL,Max_Life-SDPL,Dec,30540
ATS78531,Max_Life-SDPL,Max_Life-SDPL,Dec,30540
ATS92586,Max_Life-SDPL,Max_Life-SDPL,Dec,30540
ATS97057,Max_Life-SDPL,Max_Life-SDPL,Dec,30540
ATS92589,Max_Life-SDPL,Max_Life-SDPL,Dec,30540
ATS75473,Max_Life-SDPL,Max_Life-SDPL,Dec,30540
ATS68843,Max_Life-SDPL,Max_Life-SDPL,Dec,30540
ATS97157,Max_Life-SDPL,Max_Life-SDPL,Dec,30540
ATS99337,Max_Life-SDPL,Max_Life-SDPL,Dec,30540
ATS100833,Max_Life-SDPL,Max_Life-SDPL,Dec,30540
ATS69826,Max_Life-SDPL,Max_Life-SDPL,Dec,30540
ATS100179,Max_Life-SDPL,Max_Life-SDPL,Dec,30540
ATS100144,Max_Life-SDPL,Max_Life-SDPL,Dec,30540
ATS98635,Max_Life-SDPL,Max_Life-SDPL,Dec,30540
ATS92312,Max_Life-SDPL,Max_Life-SDPL,Dec,30540
ATS100758,Max_Life-SDPL,Max_Life-SDPL,Dec,30540
ATS98381,Max_Life-SDPL,Max_Life-SDPL,Dec,30540
ATS100757,Max_Life-SDPL,Max_Life-SDPL,Dec,30540
ATS70258,Max_Life-SDPL,Max_Life-SDPL,Dec,30540
ATS69978,Max_Life-SDPL,Max_Life-SDPL,Dec,30540
ATS97153,Max_Life-SDPL,Max_Life-SDPL,Dec,30540
ATS100756,Max_Life-SDPL,Max_Life-SDPL,Dec,30540
ATS97155,Max_Life-SDPL,Max_Life-SDPL,Dec,30540
ATS99335,Max_Life-SDPL,Max_Life-SDPL,Dec,30540
ATS98494,Max_Life-SDPL,Max_Life-SDPL,Dec,30540
ATS98498,Max_Life-SDPL,Max_Life-SDPL,Dec,30540
ATS94981,Max_Life-SDPL COE,Max_Life-SDPL,Aug,43000
ATS76475,Max_Life-SDPL COE,Max_Life-SDPL,Aug,43000
ATS89738,Max_Life-SDPL COE,Max_Life-SDPL,Aug,43000
ATS94982,Max_Life-SDPL COE,Max_Life-SDPL,Aug,43000
ATS92591,Max_Life-SDPL COE,Max_Life-SDPL,Aug,43000
ATS84321,Max_Life-SDPL COE,Max_Life-SDPL,Aug,43000
ATS89737,Max_Life-SDPL COE,Max_Life-SDPL,Aug,43000
ATS89740,Max_Life-SDPL COE,Max_Life-SDPL,Aug,43000
ATS94980,Max_Life-SDPL COE,Max_Life-SDPL,Aug,43000
ATS68836,Max_Life-SDPL COE,Max_Life-SDPL,Aug,43000
ATS89739,Max_Life-SDPL COE,Max_Life-SDPL,Aug,43000
ATS92592,Max_Life-SDPL COE,Max_Life-SDPL,Aug,43000
ATS94978,Max_Life-SDPL COE,Max_Life-SDPL,Aug,43000
ATS89741,Max_Life-SDPL COE,Max_Life-SDPL,Aug,43000
ATS90904,Max_Life-SDPL COE,Max_Life-SDPL,Aug,43000
ATS92318,Max_Life-SDPL COE,Max_Life-SDPL,Aug,43000
ATS96204,Max_Life-SDPL COE,Max_Life-SDPL,Aug,43000
ATS84322,Max_Life-SDPL COE,Max_Life-SDPL,Aug,43000
ATS95318,Max_Life-SDPL COE,Max_Life-SDPL,Aug,43000
ATS90901,Max_Life-SDPL COE,Max_Life-SDPL,Aug,43000
ATS62040,Max_Life-SDPL COE,Max_Life-SDPL,Aug,43000
ATS96286,Max_Life-SDPL COE,Max_Life-SDPL,Aug,43000
ATS88177,Max_Life-SDPL COE,Max_Life-SDPL,Aug,43000
ATS89725,Max_Life-SDPL COE,Max_Life-SDPL,Aug,43000
ATS83279,Max_Life-SDPL COE,Max_Life-SDPL,Aug,43000
ATS90903,Max_Life-SDPL COE,Max_Life-SDPL,Aug,43000
ATS96205,Max_Life-SDPL COE,Max_Life-SDPL,Aug,43000
ATS92319,Max_Life-SDPL COE,Max_Life-SDPL,Aug,43000
ATS67168,Max_Life-SDPL COE,Max_Life-SDPL,Aug,43000
ATS67169,Max_Life-SDPL COE,Max_Life-SDPL,Aug,43000
ATS92593,Max_Life-SDPL COE,Max_Life-SDPL,Aug,43000
ATS96287,Max_Life-SDPL COE,Max_Life-SDPL,Aug,43000
ATS96288,Max_Life-SDPL COE,Max_Life-SDPL,Aug,43000
ATS92595,Max_Life-SDPL COE,Max_Life-SDPL,Aug,43000
ATS96289,Max_Life-SDPL COE,Max_Life-SDPL,Aug,43000
ATS58631,Max_Life-SDPL COE,Max_Life-SDPL,Aug,43000
ATS96200,Max_Life-SDPL COE,Max_Life-SDPL,Aug,43000
ATS88228,Max_Life-SDPL COE,Max_Life-SDPL,Aug,43000
ATS94979,Max_Life-SDPL COE,Max_Life-SDPL,Aug,43000
ATS89726,Max_Life-SDPL COE,Max_Life-SDPL,Aug,43000
ATS61947,Max_Life-SDPL COE,Max_Life-SDPL,Aug,43000
ATS76476,Max_Life-SDPL COE,Max_Life-SDPL,Aug,43000
ATS83278,Max_Life-SDPL COE,Max_Life-SDPL,Aug,43000
ATS98379,Max_Life-SDPL COE,Max_Life-SDPL,Aug,43000
ATS98378,Max_Life-SDPL COE,Max_Life-SDPL,Aug,43000
ATS98376,Max_Life-SDPL COE,Max_Life-SDPL,Aug,43000
ATS98377,Max_Life-SDPL COE,Max_Life-SDPL,Aug,43000
ATS98491,Max_Life-SDPL COE,Max_Life-SDPL,Aug,43000
ATS98634,Max_Life-SDPL COE,Max_Life-SDPL,Aug,43000
ATS98491,Max_Life-SDPL COE,Max_Life-SDPL,Sep,43000
ATS96289,Max_Life-SDPL COE,Max_Life-SDPL,Sep,43000
ATS90904,Max_Life-SDPL COE,Max_Life-SDPL,Sep,43000
ATS96204,Max_Life-SDPL COE,Max_Life-SDPL,Sep,43000
ATS90901,Max_Life-SDPL COE,Max_Life-SDPL,Sep,43000
ATS62040,Max_Life-SDPL COE,Max_Life-SDPL,Sep,43000
ATS94980,Max_Life-SDPL COE,Max_Life-SDPL,Sep,43000
ATS98492,Max_Life-SDPL COE,Max_Life-SDPL,Sep,43000
ATS94981,Max_Life-SDPL COE,Max_Life-SDPL,Sep,43000
ATS96205,Max_Life-SDPL COE,Max_Life-SDPL,Sep,43000
ATS68836,Max_Life-SDPL COE,Max_Life-SDPL,Sep,43000
ATS92319,Max_Life-SDPL COE,Max_Life-SDPL,Sep,43000
ATS61947,Max_Life-SDPL COE,Max_Life-SDPL,Sep,43000
ATS83279,Max_Life-SDPL COE,Max_Life-SDPL,Sep,43000
ATS89741,Max_Life-SDPL COE,Max_Life-SDPL,Sep,43000
ATS89725,Max_Life-SDPL COE,Max_Life-SDPL,Sep,43000
ATS67168,Max_Life-SDPL COE,Max_Life-SDPL,Sep,43000
ATS88177,Max_Life-SDPL COE,Max_Life-SDPL,Sep,43000
ATS98376,Max_Life-SDPL COE,Max_Life-SDPL,Sep,43000
ATS96288,Max_Life-SDPL COE,Max_Life-SDPL,Sep,43000
ATS67169,Max_Life-SDPL COE,Max_Life-SDPL,Sep,43000
ATS98377,Max_Life-SDPL COE,Max_Life-SDPL,Sep,43000
ATS95318,Max_Life-SDPL COE,Max_Life-SDPL,Sep,43000
ATS98379,Max_Life-SDPL COE,Max_Life-SDPL,Sep,43000
ATS96286,Max_Life-SDPL COE,Max_Life-SDPL,Sep,43000
ATS84322,Max_Life-SDPL COE,Max_Life-SDPL,Sep,43000
ATS88228,Max_Life-SDPL COE,Max_Life-SDPL,Sep,43000
ATS96200,Max_Life-SDPL COE,Max_Life-SDPL,Sep,43000
ATS92591,Max_Life-SDPL COE,Max_Life-SDPL,Sep,43000
ATS84321,Max_Life-SDPL COE,Max_Life-SDPL,Sep,43000
ATS94982,Max_Life-SDPL COE,Max_Life-SDPL,Sep,43000
ATS89740,Max_Life-SDPL COE,Max_Life-SDPL,Sep,43000
ATS94979,Max_Life-SDPL COE,Max_Life-SDPL,Sep,43000
ATS92592,Max_Life-SDPL COE,Max_Life-SDPL,Sep,43000
ATS76475,Max_Life-SDPL COE,Max_Life-SDPL,Sep,43000
ATS94978,Max_Life-SDPL COE,Max_Life-SDPL,Sep,43000
ATS58631,Max_Life-SDPL COE,Max_Life-SDPL,Sep,43000
ATS98378,Max_Life-SDPL COE,Max_Life-SDPL,Sep,43000
ATS90903,Max_Life-SDPL COE,Max_Life-SDPL,Sep,43000
ATS89739,Max_Life-SDPL COE,Max_Life-SDPL,Sep,43000
ATS92593,Max_Life-SDPL COE,Max_Life-SDPL,Sep,43000
ATS89726,Max_Life-SDPL COE,Max_Life-SDPL,Sep,43000
ATS96287,Max_Life-SDPL COE,Max_Life-SDPL,Sep,43000
ATS92595,Max_Life-SDPL COE,Max_Life-SDPL,Sep,43000
ATS83278,Max_Life-SDPL COE,Max_Life-SDPL,Sep,43000
ATS99333,Max_Life-SDPL COE,Max_Life-SDPL,Sep,43000
ATS99334,Max_Life-SDPL COE,Max_Life-SDPL,Sep,43000
ATS99331,Max_Life-SDPL COE,Max_Life-SDPL,Sep,43000
ATS99330,Max_Life-SDPL COE,Max_Life-SDPL,Sep,43000
ATS96288,Max_Life-SDPL COE,Max_Life-SDPL,Oct,43000
ATS84321,Max_Life-SDPL COE,Max_Life-SDPL,Oct,43000
ATS95318,Max_Life-SDPL COE,Max_Life-SDPL,Oct,43000
ATS92595,Max_Life-SDPL COE,Max_Life-SDPL,Oct,43000
ATS58631,Max_Life-SDPL COE,Max_Life-SDPL,Oct,43000
ATS96287,Max_Life-SDPL COE,Max_Life-SDPL,Oct,43000
ATS89739,Max_Life-SDPL COE,Max_Life-SDPL,Oct,43000
ATS83278,Max_Life-SDPL COE,Max_Life-SDPL,Oct,43000
ATS94980,Max_Life-SDPL COE,Max_Life-SDPL,Oct,43000
ATS62040,Max_Life-SDPL COE,Max_Life-SDPL,Oct,43000
ATS98376,Max_Life-SDPL COE,Max_Life-SDPL,Oct,43000
ATS98378,Max_Life-SDPL COE,Max_Life-SDPL,Oct,43000
ATS90903,Max_Life-SDPL COE,Max_Life-SDPL,Oct,43000
ATS88228,Max_Life-SDPL COE,Max_Life-SDPL,Oct,43000
ATS84322,Max_Life-SDPL COE,Max_Life-SDPL,Oct,43000
ATS89740,Max_Life-SDPL COE,Max_Life-SDPL,Oct,43000
ATS92591,Max_Life-SDPL COE,Max_Life-SDPL,Oct,43000
ATS94978,Max_Life-SDPL COE,Max_Life-SDPL,Oct,43000
ATS90904,Max_Life-SDPL COE,Max_Life-SDPL,Oct,43000
ATS76475,Max_Life-SDPL COE,Max_Life-SDPL,Oct,43000
ATS99330,Max_Life-SDPL COE,Max_Life-SDPL,Oct,43000
ATS96286,Max_Life-SDPL COE,Max_Life-SDPL,Oct,43000
ATS98377,Max_Life-SDPL COE,Max_Life-SDPL,Oct,43000
ATS96205,Max_Life-SDPL COE,Max_Life-SDPL,Oct,43000
ATS92319,Max_Life-SDPL COE,Max_Life-SDPL,Oct,43000
ATS96204,Max_Life-SDPL COE,Max_Life-SDPL,Oct,43000
ATS99333,Max_Life-SDPL COE,Max_Life-SDPL,Oct,43000
ATS83279,Max_Life-SDPL COE,Max_Life-SDPL,Oct,43000
ATS89741,Max_Life-SDPL COE,Max_Life-SDPL,Oct,43000
ATS68836,Max_Life-SDPL COE,Max_Life-SDPL,Oct,43000
ATS99334,Max_Life-SDPL COE,Max_Life-SDPL,Oct,43000
ATS67168,Max_Life-SDPL COE,Max_Life-SDPL,Oct,43000
ATS94981,Max_Life-SDPL COE,Max_Life-SDPL,Oct,43000
ATS99331,Max_Life-SDPL COE,Max_Life-SDPL,Oct,43000
ATS96289,Max_Life-SDPL COE,Max_Life-SDPL,Oct,43000
ATS88177,Max_Life-SDPL COE,Max_Life-SDPL,Oct,43000
ATS89725,Max_Life-SDPL COE,Max_Life-SDPL,Oct,43000
ATS61947,Max_Life-SDPL COE,Max_Life-SDPL,Oct,43000
ATS94979,Max_Life-SDPL COE,Max_Life-SDPL,Oct,43000
ATS98491,Max_Life-SDPL COE,Max_Life-SDPL,Oct,43000
ATS89726,Max_Life-SDPL COE,Max_Life-SDPL,Oct,43000
ATS92592,Max_Life-SDPL COE,Max_Life-SDPL,Oct,43000
ATS92593,Max_Life-SDPL COE,Max_Life-SDPL,Oct,43000
ATS89726,Max_Life-SDPL COE,Max_Life-SDPL,Nov,43000
ATS58631,Max_Life-SDPL COE,Max_Life-SDPL,Nov,43000
ATS96287,Max_Life-SDPL COE,Max_Life-SDPL,Nov,43000
ATS96288,Max_Life-SDPL COE,Max_Life-SDPL,Nov,43000
ATS88177,Max_Life-SDPL COE,Max_Life-SDPL,Nov,43000
ATS95318,Max_Life-SDPL COE,Max_Life-SDPL,Nov,43000
ATS92595,Max_Life-SDPL COE,Max_Life-SDPL,Nov,43000
ATS84321,Max_Life-SDPL COE,Max_Life-SDPL,Nov,43000
ATS88228,Max_Life-SDPL COE,Max_Life-SDPL,Nov,43000
ATS67168,Max_Life-SDPL COE,Max_Life-SDPL,Nov,43000
ATS98378,Max_Life-SDPL COE,Max_Life-SDPL,Nov,43000
ATS98376,Max_Life-SDPL COE,Max_Life-SDPL,Nov,43000
ATS92591,Max_Life-SDPL COE,Max_Life-SDPL,Nov,43000
ATS84322,Max_Life-SDPL COE,Max_Life-SDPL,Nov,43000
ATS89740,Max_Life-SDPL COE,Max_Life-SDPL,Nov,43000
ATS99330,Max_Life-SDPL COE,Max_Life-SDPL,Nov,43000
ATS94978,Max_Life-SDPL COE,Max_Life-SDPL,Nov,43000
ATS90904,Max_Life-SDPL COE,Max_Life-SDPL,Nov,43000
ATS76475,Max_Life-SDPL COE,Max_Life-SDPL,Nov,43000
ATS92593,Max_Life-SDPL COE,Max_Life-SDPL,Nov,43000
ATS98377,Max_Life-SDPL COE,Max_Life-SDPL,Nov,43000
ATS96286,Max_Life-SDPL COE,Max_Life-SDPL,Nov,43000
ATS61947,Max_Life-SDPL COE,Max_Life-SDPL,Nov,43000
ATS99333,Max_Life-SDPL COE,Max_Life-SDPL,Nov,43000
ATS96204,Max_Life-SDPL COE,Max_Life-SDPL,Nov,43000
ATS100143,Max_Life-SDPL COE,Max_Life-SDPL,Nov,43000
ATS89741,Max_Life-SDPL COE,Max_Life-SDPL,Nov,43000
ATS96205,Max_Life-SDPL COE,Max_Life-SDPL,Nov,43000
ATS94980,Max_Life-SDPL COE,Max_Life-SDPL,Nov,43000
ATS62040,Max_Life-SDPL COE,Max_Life-SDPL,Nov,43000
ATS94981,Max_Life-SDPL COE,Max_Life-SDPL,Nov,43000
ATS99334,Max_Life-SDPL COE,Max_Life-SDPL,Nov,43000
ATS98491,Max_Life-SDPL COE,Max_Life-SDPL,Nov,43000
ATS92319,Max_Life-SDPL COE,Max_Life-SDPL,Nov,43000
ATS94979,Max_Life-SDPL COE,Max_Life-SDPL,Nov,43000
ATS83279,Max_Life-SDPL COE,Max_Life-SDPL,Nov,43000
ATS99328,Max_Life-SDPL COE,Max_Life-SDPL,Nov,43000
ATS89725,Max_Life-SDPL COE,Max_Life-SDPL,Nov,43000
ATS89739,Max_Life-SDPL COE,Max_Life-SDPL,Nov,43000
ATS92592,Max_Life-SDPL COE,Max_Life-SDPL,Nov,43000
ATS96289,Max_Life-SDPL COE,Max_Life-SDPL,Nov,43000
ATS83278,Max_Life-SDPL COE,Max_Life-SDPL,Nov,43000
ATS100832,Max_Life-SDPL COE,Max_Life-SDPL,Nov,43000
ATS100753,Max_Life-SDPL COE,Max_Life-SDPL,Nov,43000
ATS100752,Max_Life-SDPL COE,Max_Life-SDPL,Nov,43000
ATS100754,Max_Life-SDPL COE,Max_Life-SDPL,Nov,43000
ATS98378,Max_Life-SDPL COE,Max_Life-SDPL,Dec,43000
ATS99330,Max_Life-SDPL COE,Max_Life-SDPL,Dec,43000
ATS98377,Max_Life-SDPL COE,Max_Life-SDPL,Dec,43000
ATS68836,Max_Life-SDPL COE,Max_Life-SDPL,Dec,43000
ATS100754,Max_Life-SDPL COE,Max_Life-SDPL,Dec,43000
ATS61947,Max_Life-SDPL COE,Max_Life-SDPL,Dec,43000
ATS100753,Max_Life-SDPL COE,Max_Life-SDPL,Dec,43000
ATS62040,Max_Life-SDPL COE,Max_Life-SDPL,Dec,43000
ATS100143,Max_Life-SDPL COE,Max_Life-SDPL,Dec,43000
ATS99328,Max_Life-SDPL COE,Max_Life-SDPL,Dec,43000
ATS99334,Max_Life-SDPL COE,Max_Life-SDPL,Dec,43000
ATS84322,Max_Life-SDPL COE,Max_Life-SDPL,Dec,43000
ATS84321,Max_Life-SDPL COE,Max_Life-SDPL,Dec,43000
ATS89741,Max_Life-SDPL COE,Max_Life-SDPL,Dec,43000
ATS92595,Max_Life-SDPL COE,Max_Life-SDPL,Dec,43000
ATS99333,Max_Life-SDPL COE,Max_Life-SDPL,Dec,43000
ATS89726,Max_Life-SDPL COE,Max_Life-SDPL,Dec,43000
ATS92591,Max_Life-SDPL COE,Max_Life-SDPL,Dec,43000
ATS88177,Max_Life-SDPL COE,Max_Life-SDPL,Dec,43000
ATS92319,Max_Life-SDPL COE,Max_Life-SDPL,Dec,43000
ATS58631,Max_Life-SDPL COE,Max_Life-SDPL,Dec,43000
ATS92592,Max_Life-SDPL COE,Max_Life-SDPL,Dec,43000
ATS83279,Max_Life-SDPL COE,Max_Life-SDPL,Dec,43000
ATS89725,Max_Life-SDPL COE,Max_Life-SDPL,Dec,43000
ATS98491,Max_Life-SDPL COE,Max_Life-SDPL,Dec,43000
ATS100752,Max_Life-SDPL COE,Max_Life-SDPL,Dec,43000
ATS89740,Max_Life-SDPL COE,Max_Life-SDPL,Dec,43000
ATS98376,Max_Life-SDPL COE,Max_Life-SDPL,Dec,43000
ATS88228,Max_Life-SDPL COE,Max_Life-SDPL,Dec,43000
ATS92593,Max_Life-SDPL COE,Max_Life-SDPL,Dec,43000
ATS89739,Max_Life-SDPL COE,Max_Life-SDPL,Dec,43000
ATS83278,Max_Life-SDPL COE,Max_Life-SDPL,Dec,43000
ATS96289,Max_Life-SDPL COE,Max_Life-SDPL,Dec,43000
ATS100832,Max_Life-SDPL COE,Max_Life-SDPL,Dec,43000
ATS76475,Max_Life-SDPL COE,Max_Life-SDPL,Dec,43000
ATS96286,Max_Life-SDPL COE,Max_Life-SDPL,Dec,43000
ATS96204,Max_Life-SDPL COE,Max_Life-SDPL,Dec,43000
ATS96205,Max_Life-SDPL COE,Max_Life-SDPL,Dec,43000
ATS96288,Max_Life-SDPL COE,Max_Life-SDPL,Dec,43000
ATS67168,Max_Life-SDPL COE,Max_Life-SDPL,Dec,43000
ATS67169,Max_Life-SDPL COE,Max_Life-SDPL,Dec,43000
ATS94924,VKYC,DMI,Aug,32500
ATS95040,VKYC,DMI,Aug,32500
ATS95039,VKYC,DMI,Aug,32500
ATS95058,VKYC,DMI,Aug,32500
ATS95041,VKYC,DMI,Aug,32500
ATS95042,VKYC,DMI,Aug,32500
ATS95057,VKYC,DMI,Aug,32500
ATS94923,VKYC,DMI,Aug,32500
ATS94922,VKYC,DMI,Aug,32500
ATS96406,VKYC,DMI,Aug,32500
ATS96407,VKYC,DMI,Aug,32500
ATS74636,DMI,DMI,Aug,30000
ATS74968,DMI,DMI,Aug,30000
ATS74969,DMI,DMI,Aug,30000
ATS75062,DMI,DMI,Aug,30000
ATS81238,DMI,DMI,Aug,30000
ATS87366,DMI,DMI,Aug,30000
ATS91348,DMI,DMI,Aug,30000
ATS91391,DMI,DMI,Aug,30000
ATS93478,DMI,DMI,Aug,30000
ATS94389,DMI,DMI,Aug,30000
ATS91349,DMI,DMI,Aug,30000
ATS97159,DMI,DMI,Aug,30000
ATS97158,DMI,DMI,Aug,30000
ATS94924,VKYC,DMI,Sep,32500
ATS95040,VKYC,DMI,Sep,32500
ATS95039,VKYC,DMI,Sep,32500
ATS95041,VKYC,DMI,Sep,32500
ATS95042,VKYC,DMI,Sep,32500
ATS95057,VKYC,DMI,Sep,32500
ATS94922,VKYC,DMI,Sep,32500
ATS96406,VKYC,DMI,Sep,32500
ATS96407,VKYC,DMI,Sep,32500
ATS74636,DMI,DMI,Sep,30000
ATS74968,DMI,DMI,Sep,30000
ATS74969,DMI,DMI,Sep,30000
ATS75062,DMI,DMI,Sep,30000
ATS81238,DMI,DMI,Sep,30000
ATS86922,DMI,DMI,Sep,30000
ATS87366,DMI,DMI,Sep,30000
ATS91348,DMI,DMI,Sep,30000
ATS93478,DMI,DMI,Sep,30000
ATS94389,DMI,DMI,Sep,30000
ATS91349,DMI,DMI,Sep,30000
ATS97159,DMI,DMI,Sep,30000
ATS99164,DMI,DMI,Sep,30000
ATS99165,DMI,DMI,Sep,30000
ATS99630,DMI,DMI,Sep,30000
ATS94924,VKYC,DMI,Oct,32500
ATS95040,VKYC,DMI,Oct,32500
ATS95041,VKYC,DMI,Oct,32500
ATS95042,VKYC,DMI,Oct,32500
ATS96406,VKYC,DMI,Oct,32500
ATS96407,VKYC,DMI,Oct,32500
ATS74636,DMI,DMI,Oct,30000
ATS74968,DMI,DMI,Oct,30000
ATS74969,DMI,DMI,Oct,30000
ATS75062,DMI,DMI,Oct,30000
ATS81238,DMI,DMI,Oct,30000
ATS93478,DMI,DMI,Oct,30000
ATS94389,DMI,DMI,Oct,30000
ATS95058,DMI,DMI,Oct,30000
ATS91349,DMI,DMI,Oct,30000
ATS97159,DMI,DMI,Oct,30000
ATS99164,DMI,DMI,Oct,30000
ATS99165,DMI,DMI,Oct,30000
ATS99630,DMI,DMI,Oct,30000
ATS94924,VKYC,DMI,Nov,32500
ATS95040,VKYC,DMI,Nov,32500
ATS95041,VKYC,DMI,Nov,32500
ATS95042,VKYC,DMI,Nov,32500
ATS96406,VKYC,DMI,Nov,32500
ATS96407,VKYC,DMI,Nov,32500
ATS100843,VKYC,DMI,Nov,32500
ATS74636,DMI,DMI,Nov,30000
ATS74968,DMI,DMI,Nov,30000
ATS74969,DMI,DMI,Nov,30000
ATS75062,DMI,DMI,Nov,30000
ATS81238,DMI,DMI,Nov,30000
ATS93478,DMI,DMI,Nov,30000
ATS94389,DMI,DMI,Nov,30000
ATS95058,DMI,DMI,Nov,30000
ATS91349,DMI,DMI,Nov,30000
ATS97159,DMI,DMI,Nov,30000
ATS99164,DMI,DMI,Nov,30000
ATS99165,DMI,DMI,Nov,30000
ATS99630,DMI,DMI,Nov,30000
ATS74636,DMI,DMI,Dec,30000
ATS74968,DMI,DMI,Dec,30000
ATS74969,DMI,DMI,Dec,30000
ATS75062,DMI,DMI,Dec,30000
ATS94924,VKYC,DMI,Dec,32500
ATS95040,VKYC,DMI,Dec,32500
ATS95042,VKYC,DMI,Dec,32500
ATS91349,VKYC,DMI,Dec,32500
ATS97159,DMI,DMI,Dec,30000
ATS99164,DMI,DMI,Dec,30000
ATS100435,DMI,DMI,Dec,30000
ATS100406,DMI,DMI,Dec,30000
ATS100660,DMI,DMI,Dec,30000
ATS100843,VKYC,DMI,Dec,32500
ATS100900,DMI,DMI,Dec,30000
ATS101335,DMI,DMI,Dec,30000
ATS101324,VKYC,DMI,Dec,32500
ATS101388,VKYC,DMI,Dec,32500
ATS101481,VKYC,DMI,Dec,32500
ATS101482,VKYC,DMI,Dec,32500
ATS101483,VKYC,DMI,Dec,32500
ATS101544,VKYC,DMI,Dec,32500
ATS77984,DataKart Trace,GS-1,Aug,42500
ATS79715,GS-1,GS-1,Aug,36900
ATS85290,DataKart Trace,GS-1,Aug,42500
ATS89562,GS-1,GS-1,Aug,36900
ATS92369,GS-1,GS-1,Aug,36900
ATS94216,GS-1,GS-1,Aug,36900
ATS94984,GS-1,GS-1,Aug,36900
ATS95230,GS-1,GS-1,Aug,36900
ATS96226,GS-1,GS-1,Aug,36900
ATS96243,GS-1,GS-1,Aug,36900
ATS96722,GS-1,GS-1,Aug,36900
ATS96723,GS-1,GS-1,Aug,36900
ATS97968,GS-1,GS-1,Aug,36900
ATS97969,GS-1,GS-1,Aug,36900
ATS98651,GS-1,GS-1,Aug,36900
ATS77984,DataKart Trace,GS-1,Sep,42500
ATS79715,GS-1,GS-1,Sep,36900
ATS85290,DataKart Trace,GS-1,Sep,42500
ATS92369,GS-1,GS-1,Sep,36900
ATS94216,GS-1,GS-1,Sep,36900
ATS94984,GS-1,GS-1,Sep,36900
ATS95230,GS-1,GS-1,Sep,36900
ATS96226,GS-1,GS-1,Sep,36900
ATS96243,GS-1,GS-1,Sep,36900
ATS96722,GS-1,GS-1,Sep,36900
ATS96723,GS-1,GS-1,Sep,36900
ATS97968,GS-1,GS-1,Sep,36900
ATS97969,GS-1,GS-1,Sep,36900
ATS98651,GS-1,GS-1,Sep,36900
ATS77984,DataKart Trace,GS-1,Oct,42500
ATS79715,GS-1,GS-1,Oct,36900
ATS85290,DataKart Trace,GS-1,Oct,42500
ATS92369,GS-1,GS-1,Oct,36900
ATS94216,GS-1,GS-1,Oct,36900
ATS94984,GS-1,GS-1,Oct,36900
ATS96226,GS-1,GS-1,Oct,36900
ATS96722,GS-1,GS-1,Oct,36900
ATS96723,GS-1,GS-1,Oct,36900
ATS97969,GS-1,GS-1,Oct,36900
ATS98651,GS-1,GS-1,Oct,36900
ATS95230,GS-1,GS-1,Oct,36900
ATS100147,GS-1,GS-1,Oct,36900
ATS100147,GS-1,GS-1,Nov,36900
ATS77984,DataKart Trace,GS-1,Nov,42500
ATS79715,GS-1,GS-1,Nov,36900
ATS85290,DataKart Trace,GS-1,Nov,42500
ATS92369,GS-1,GS-1,Nov,36900
ATS94216,GS-1,GS-1,Nov,36900
ATS94984,GS-1,GS-1,Nov,36900
ATS95230,GS-1,GS-1,Nov,36900
ATS96226,GS-1,GS-1,Nov,36900
ATS96722,GS-1,GS-1,Nov,36900
ATS96723,GS-1,GS-1,Nov,36900
ATS97969,GS-1,GS-1,Nov,36900
ATS98651,GS-1,GS-1,Nov,36900
ATS90353,GS-1,GS-1,Nov,36900
ATS100966,GS-1,GS-1,Nov,36900
ATS100147,GS-1,GS-1,Dec,36900
ATS100966,DataKart Trace,GS-1,Dec,42500
ATS79715,GS-1,GS-1,Dec,36900
ATS85290,DataKart Trace,GS-1,Dec,42500
ATS92369,GS-1,GS-1,Dec,36900
ATS94216,GS-1,GS-1,Dec,36900
ATS94984,GS-1,GS-1,Dec,36900
ATS95230,GS-1,GS-1,Dec,36900
ATS96226,GS-1,GS-1,Dec,36900
ATS98651,GS-1,GS-1,Dec,36900
ATS96723,GS-1,GS-1,Dec,36900
ATS101332,GS-1,GS-1,Dec,36900
ATS96722,GS-1,GS-1,Dec,36900
ATS101587,GS-1,GS-1,Dec,36900
ATS91560,Rlife,Rlife,Dec,42833
ATS89501,Rlife,Rlife,Dec,42833
ATS90829,Rlife,Rlife,Dec,42833
ATS96461,Rlife,Rlife,Dec,42833
ATS88199,Rlife,Rlife,Dec,42833
ATS90835,Rlife,Rlife,Dec,42833
ATS94471,Rlife,Rlife,Dec,42833
ATS66451,Rlife,Rlife,Dec,42833
ATS90832,Rlife,Rlife,Dec,42833
ATS84162,Rlife,Rlife,Dec,42833
ATS98212,Rlife,Rlife,Dec,42833
ATS96460,Rlife,Rlife,Dec,42833
ATS98213,Rlife,Rlife,Dec,42833
ATS98211,Rlife,Rlife,Dec,42833
ATS91676,Rlife,Rlife,Dec,42833
ATS96746,Rlife,Rlife,Dec,42833
ATS92422,Rlife,Rlife,Dec,42833
ATS94470,Rlife,Rlife,Dec,42833
ATS82889,Rlife,Rlife,Dec,42833
ATS95755,Rlife,Rlife,Dec,42833
ATS88182,Rlife,Rlife,Dec,42833
ATS95754,Rlife,Rlife,Dec,42833
ATS90831,Rlife,Rlife,Dec,42833
ATS92419,Rlife,Rlife,Dec,42833
ATS98215,Rlife,Rlife,Dec,42833
ATS101172,Rlife,Rlife,Dec,42833
ATS101171,Rlife,Rlife,Dec,42833
ATS101241,Rlife,Rlife,Dec,42833
ATS101344,Rlife,Rlife,Dec,42833
ATS101345,Rlife,Rlife,Dec,42833
ATS101242,Rlife,Rlife,Dec,42833
ATS101240,Rlife,Rlife,Dec,42833
ATS95275,Rlife,Rlife,Dec,42833
ATS86573,Rlife,Rlife,Dec,33075
ATS93201,Rlife,Rlife,Dec,34729
ATS85998,Rlife,Rlife,Dec,34729
ATS86568,Rlife,Rlife,Dec,34729
ATS90142,Rlife,Rlife,Dec,34729
ATS99304,Rlife,Rlife,Dec,34729
ATS67090,Rlife,Rlife,Dec,34729
ATS94448,Rlife,Rlife,Dec,34729
ATS87997,Rlife,Rlife,Dec,34729
ATS99303,Rlife,Rlife,Dec,34729
ATS96147,Rlife,Rlife,Dec,34729
ATS85664,Rlife,Rlife,Dec,34729
ATS99515,Rlife,Rlife,Dec,34729
ATS88642,Rlife,Rlife,Dec,34729
ATS90367,Rlife,Rlife,Dec,34729
ATS96946,Rlife,Rlife,Dec,34729
ATS67091,Rlife,Rlife,Dec,34729
ATS90037,Rlife,Rlife,Dec,34729
ATS90141,Rlife,Rlife,Dec,34729
ATS88640,Rlife,Rlife,Dec,34729
ATS90495,Rlife,Rlife,Dec,34729
ATS100744,Rlife,Rlife,Dec,34729
ATS89778,Rlife,Rlife,Dec,34729
ATS88720,Rlife,Rlife,Dec,34729
ATS94449,Rlife,Rlife,Dec,34729
ATS81922,Rlife,Rlife,Dec,34729
ATS89014,Rlife,Rlife,Dec,34729
ATS84164,Rlife,Rlife,Dec,34729
ATS99784,Rlife,Rlife,Dec,34729
ATS70232,Rlife,Rlife,Dec,34729
ATS101239,Rlife,Rlife,Dec,34729
ATS101457,Rlife,Rlife,Dec,34729
ATS89501,Rlife,Rlife,Nov,42833
ATS91560,Rlife,Rlife,Nov,42833
ATS90699,Rlife,Rlife,Nov,42833
ATS93203,Rlife,Rlife,Nov,42833
ATS90829,Rlife,Rlife,Nov,42833
ATS84162,Rlife,Rlife,Nov,42833
ATS98213,Rlife,Rlife,Nov,42833
ATS94471,Rlife,Rlife,Nov,42833
ATS82889,Rlife,Rlife,Nov,42833
ATS96461,Rlife,Rlife,Nov,42833
ATS66451,Rlife,Rlife,Nov,42833
ATS96460,Rlife,Rlife,Nov,42833
ATS90832,Rlife,Rlife,Nov,42833
ATS91676,Rlife,Rlife,Nov,42833
ATS95755,Rlife,Rlife,Nov,42833
ATS98211,Rlife,Rlife,Nov,42833
ATS98214,Rlife,Rlife,Nov,42833
ATS98212,Rlife,Rlife,Nov,42833
ATS88199,Rlife,Rlife,Nov,42833
ATS95754,Rlife,Rlife,Nov,42833
ATS92419,Rlife,Rlife,Nov,42833
ATS90831,Rlife,Rlife,Nov,42833
ATS94470,Rlife,Rlife,Nov,42833
ATS98215,Rlife,Rlife,Nov,42833
ATS96746,Rlife,Rlife,Nov,42833
ATS88182,Rlife,Rlife,Nov,42833
ATS91144,Rlife,Rlife,Nov,42833
ATS92422,Rlife,Rlife,Nov,42833
ATS90835,Rlife,Rlife,Nov,42833
ATS93201,Rlife,Rlife,Nov,34729
ATS83224,Rlife,Rlife,Nov,34729
ATS86573,Rlife,Rlife,Nov,33075
ATS85998,Rlife,Rlife,Nov,34729
ATS67090,Rlife,Rlife,Nov,34729
ATS87997,Rlife,Rlife,Nov,34729
ATS86568,Rlife,Rlife,Nov,34729
ATS90142,Rlife,Rlife,Nov,34729
ATS62824,Rlife,Rlife,Nov,34729
ATS90037,Rlife,Rlife,Nov,34729
ATS99303,Rlife,Rlife,Nov,34729
ATS96946,Rlife,Rlife,Nov,34729
ATS94448,Rlife,Rlife,Nov,34729
ATS67091,Rlife,Rlife,Nov,34729
ATS99515,Rlife,Rlife,Nov,34729
ATS90495,Rlife,Rlife,Nov,34729
ATS87421,Rlife,Rlife,Nov,34729
ATS90367,Rlife,Rlife,Nov,34729
ATS88640,Rlife,Rlife,Nov,34729
ATS85664,Rlife,Rlife,Nov,34729
ATS96147,Rlife,Rlife,Nov,34729
ATS90141,Rlife,Rlife,Nov,34729
ATS86569,Rlife,Rlife,Nov,34729
ATS89778,Rlife,Rlife,Nov,34729
ATS99784,Rlife,Rlife,Nov,34729
ATS88720,Rlife,Rlife,Nov,34729
ATS99304,Rlife,Rlife,Nov,34729
ATS84164,Rlife,Rlife,Nov,34729
ATS81922,Rlife,Rlife,Nov,34729
ATS94449,Rlife,Rlife,Nov,34729
ATS88642,Rlife,Rlife,Nov,34729
ATS89014,Rlife,Rlife,Nov,34729
ATS70232,Rlife,Rlife,Nov,34729
ATS10074,Rlife,Rlife,Nov,34729
ATS89501,Rlife,Rlife,Oct,42833
ATS91560,Rlife,Rlife,Oct,42833
ATS85808,Rlife,Rlife,Oct,42833
ATS90949,Rlife,Rlife,Oct,42833
ATS85026,Rlife,Rlife,Oct,42833
ATS85027,Rlife,Rlife,Oct,42833
ATS94467,Rlife,Rlife,Oct,42833
ATS90699,Rlife,Rlife,Oct,42833
ATS91144,Rlife,Rlife,Oct,42833
ATS90829,Rlife,Rlife,Oct,42833
ATS96461,Rlife,Rlife,Oct,42833
ATS90831,Rlife,Rlife,Oct,42833
ATS90835,Rlife,Rlife,Oct,42833
ATS93203,Rlife,Rlife,Oct,42833
ATS94471,Rlife,Rlife,Oct,42833
ATS90832,Rlife,Rlife,Oct,42833
ATS98213,Rlife,Rlife,Oct,42833
ATS98212,Rlife,Rlife,Oct,42833
ATS95275,Rlife,Rlife,Oct,42833
ATS92422,Rlife,Rlife,Oct,42833
ATS96460,Rlife,Rlife,Oct,42833
ATS92418,Rlife,Rlife,Oct,42833
ATS95272,Rlife,Rlife,Oct,42833
ATS95754,Rlife,Rlife,Oct,42833
ATS90561,Rlife,Rlife,Oct,42833
ATS98211,Rlife,Rlife,Oct,42833
ATS95755,Rlife,Rlife,Oct,42833
ATS66451,Rlife,Rlife,Oct,42833
ATS94470,Rlife,Rlife,Oct,42833
ATS88199,Rlife,Rlife,Oct,42833
ATS91676,Rlife,Rlife,Oct,42833
ATS92419,Rlife,Rlife,Oct,42833
ATS96746,Rlife,Rlife,Oct,42833
ATS96458,Rlife,Rlife,Oct,42833
ATS88182,Rlife,Rlife,Oct,42833
ATS84162,Rlife,Rlife,Oct,42833
ATS98214,Rlife,Rlife,Oct,42833
ATS98215,Rlife,Rlife,Oct,42833
ATS82889,Rlife,Rlife,Oct,42833
ATS86573,Rlife,Rlife,Oct,33075
ATS93201,Rlife,Rlife,Oct,34729
ATS83224,Rlife,Rlife,Oct,34729
ATS85998,Rlife,Rlife,Oct,34729
ATS87997,Rlife,Rlife,Oct,34729
ATS86568,Rlife,Rlife,Oct,34729
ATS67090,Rlife,Rlife,Oct,34729
ATS90142,Rlife,Rlife,Oct,34729
ATS62824,Rlife,Rlife,Oct,34729
ATS94448,Rlife,Rlife,Oct,34729
ATS96147,Rlife,Rlife,Oct,34729
ATS99303,Rlife,Rlife,Oct,34729
ATS90367,Rlife,Rlife,Oct,34729
ATS99515,Rlife,Rlife,Oct,34729
ATS99304,Rlife,Rlife,Oct,34729
ATS67091,Rlife,Rlife,Oct,34729
ATS87421,Rlife,Rlife,Oct,34729
ATS70232,Rlife,Rlife,Oct,34729
ATS85664,Rlife,Rlife,Oct,34729
ATS90037,Rlife,Rlife,Oct,34729
ATS86569,Rlife,Rlife,Oct,34729
ATS88640,Rlife,Rlife,Oct,34729
ATS90495,Rlife,Rlife,Oct,34729
ATS90141,Rlife,Rlife,Oct,34729
ATS81922,Rlife,Rlife,Oct,34729
ATS88720,Rlife,Rlife,Oct,34729
ATS94449,Rlife,Rlife,Oct,34729
ATS84164,Rlife,Rlife,Oct,34729
ATS89778,Rlife,Rlife,Oct,34729
ATS89014,Rlife,Rlife,Oct,34729
ATS84919,Rlife,Rlife,Oct,34729
ATS88642,Rlife,Rlife,Oct,34729
ATS96946,Rlife,Rlife,Oct,34729
ATS99784,Rlife,Rlife,Oct,34729
ATS83224,Rlife,Rlife,Sep,33075
ATS93201,Rlife,Rlife,Sep,33075
ATS89501,Rlife,Rlife,Sep,42833
ATS91726,Rlife,Rlife,Sep,42833
ATS91560,Rlife,Rlife,Sep,42833
ATS86570,Rlife,Rlife,Sep,42833
ATS90949,Rlife,Rlife,Sep,42833
ATS85027,Rlife,Rlife,Sep,42833
ATS85808,Rlife,Rlife,Sep,42833
ATS85026,Rlife,Rlife,Sep,42833
ATS91144,Rlife,Rlife,Sep,42833
ATS90829,Rlife,Rlife,Sep,42833
ATS90699,Rlife,Rlife,Sep,42833
ATS66451,Rlife,Rlife,Sep,42833
ATS96461,Rlife,Rlife,Sep,42833
ATS94470,Rlife,Rlife,Sep,42833
ATS82889,Rlife,Rlife,Sep,42833
ATS90835,Rlife,Rlife,Sep,42833
ATS84162,Rlife,Rlife,Sep,42833
ATS94467,Rlife,Rlife,Sep,42833
ATS90832,Rlife,Rlife,Sep,42833
ATS92422,Rlife,Rlife,Sep,42833
ATS95275,Rlife,Rlife,Sep,42833
ATS98212,Rlife,Rlife,Sep,42833
ATS98213,Rlife,Rlife,Sep,42833
ATS94471,Rlife,Rlife,Sep,42833
ATS96457,Rlife,Rlife,Sep,42833
ATS96458,Rlife,Rlife,Sep,42833
ATS96460,Rlife,Rlife,Sep,42833
ATS95755,Rlife,Rlife,Sep,42833
ATS95272,Rlife,Rlife,Sep,42833
ATS91676,Rlife,Rlife,Sep,42833
ATS90561,Rlife,Rlife,Sep,42833
ATS93203,Rlife,Rlife,Sep,42833
ATS88199,Rlife,Rlife,Sep,42833
ATS88182,Rlife,Rlife,Sep,42833
ATS92419,Rlife,Rlife,Sep,42833
ATS90831,Rlife,Rlife,Sep,42833
ATS92418,Rlife,Rlife,Sep,42833
ATS96746,Rlife,Rlife,Sep,42833
ATS98215,Rlife,Rlife,Sep,42833
ATS91675,Rlife,Rlife,Sep,42833
ATS95754,Rlife,Rlife,Sep,42833
ATS98214,Rlife,Rlife,Sep,42833
ATS92420,Rlife,Rlife,Sep,42833
ATS98211,Rlife,Rlife,Sep,42833
ATS86573,Rlife,Rlife,Sep,33075
ATS91562,Rlife,Rlife,Sep,33075
ATS85998,Rlife,Rlife,Sep,34729
ATS83224,Rlife,Rlife,Sep,34729
ATS86568,Rlife,Rlife,Sep,34729
ATS67090,Rlife,Rlife,Sep,34729
ATS62824,Rlife,Rlife,Sep,34729
ATS88642,Rlife,Rlife,Sep,34729
ATS70232,Rlife,Rlife,Sep,34729
ATS87421,Rlife,Rlife,Sep,34729
ATS96946,Rlife,Rlife,Sep,34729
ATS93991,Rlife,Rlife,Sep,34729
ATS81922,Rlife,Rlife,Sep,34729
ATS94449,Rlife,Rlife,Sep,34729
ATS88720,Rlife,Rlife,Sep,34729
ATS84164,Rlife,Rlife,Sep,34729
ATS94448,Rlife,Rlife,Sep,34729
ATS86569,Rlife,Rlife,Sep,34729
ATS84919,Rlife,Rlife,Sep,34729
ATS85664,Rlife,Rlife,Sep,34729
ATS90367,Rlife,Rlife,Sep,34729
ATS89778,Rlife,Rlife,Sep,34729
ATS87997,Rlife,Rlife,Sep,34729
ATS89014,Rlife,Rlife,Sep,34729
ATS90495,Rlife,Rlife,Sep,34729
ATS90142,Rlife,Rlife,Sep,34729
ATS96147,Rlife,Rlife,Sep,34729
ATS88640,Rlife,Rlife,Sep,34729
ATS90141,Rlife,Rlife,Sep,34729
ATS67091,Rlife,Rlife,Sep,34729
ATS99303,Rlife,Rlife,Sep,34729
ATS99304,Rlife,Rlife,Sep,34729
ATS99515,Rlife,Rlife,Sep,34729
ATS90037,Rlife,Rlife,Sep,34729
ATS86002,Rlife,Rlife,Aug,33075
ATS83224,Rlife,Rlife,Aug,33075
ATS89501,Rlife,Rlife,Aug,42833
ATS85808,Rlife,Rlife,Aug,42833
ATS91560,Rlife,Rlife,Aug,42833
ATS91726,Rlife,Rlife,Aug,42833
ATS86570,Rlife,Rlife,Aug,42833
ATS85026,Rlife,Rlife,Aug,42833
ATS85027,Rlife,Rlife,Aug,42833
ATS90949,Rlife,Rlife,Aug,42833
ATS90699,Rlife,Rlife,Aug,42833
ATS94467,Rlife,Rlife,Aug,42833
ATS66451,Rlife,Rlife,Aug,42833
ATS90835,Rlife,Rlife,Aug,42833
ATS94470,Rlife,Rlife,Aug,42833
ATS91144,Rlife,Rlife,Aug,42833
ATS90829,Rlife,Rlife,Aug,42833
ATS95275,Rlife,Rlife,Aug,42833
ATS90832,Rlife,Rlife,Aug,42833
ATS96461,Rlife,Rlife,Aug,42833
ATS82889,Rlife,Rlife,Aug,42833
ATS84162,Rlife,Rlife,Aug,42833
ATS92422,Rlife,Rlife,Aug,42833
ATS96458,Rlife,Rlife,Aug,42833
ATS96457,Rlife,Rlife,Aug,42833
ATS96460,Rlife,Rlife,Aug,42833
ATS92418,Rlife,Rlife,Aug,42833
ATS91676,Rlife,Rlife,Aug,42833
ATS95754,Rlife,Rlife,Aug,42833
ATS95755,Rlife,Rlife,Aug,42833
ATS96746,Rlife,Rlife,Aug,42833
ATS88199,Rlife,Rlife,Aug,42833
ATS95272,Rlife,Rlife,Aug,42833
ATS92419,Rlife,Rlife,Aug,42833
ATS90831,Rlife,Rlife,Aug,42833
ATS93203,Rlife,Rlife,Aug,42833
ATS88182,Rlife,Rlife,Aug,42833
ATS91675,Rlife,Rlife,Aug,42833
ATS92420,Rlife,Rlife,Aug,42833
ATS94471,Rlife,Rlife,Aug,42833
ATS90561,Rlife,Rlife,Aug,42833
ATS98215,Rlife,Rlife,Aug,42833
ATS98211,Rlife,Rlife,Aug,42833
ATS98212,Rlife,Rlife,Aug,42833
ATS98213,Rlife,Rlife,Aug,42833
ATS98214,Rlife,Rlife,Aug,42833
ATS86573,Rlife,Rlife,Aug,33075
ATS93201,Rlife,Rlife,Aug,33075
ATS91562,Rlife,Rlife,Aug,33075
ATS85998,Rlife,Rlife,Aug,34729
ATS86568,Rlife,Rlife,Aug,34729
ATS87997,Rlife,Rlife,Aug,34729
ATS67090,Rlife,Rlife,Aug,34729
ATS62824,Rlife,Rlife,Aug,34729
ATS88642,Rlife,Rlife,Aug,34729
ATS94448,Rlife,Rlife,Aug,34729
ATS93991,Rlife,Rlife,Aug,34729
ATS70232,Rlife,Rlife,Aug,34729
ATS96147,Rlife,Rlife,Aug,34729
ATS96921,Rlife,Rlife,Aug,34729
ATS96946,Rlife,Rlife,Aug,34729
ATS90367,Rlife,Rlife,Aug,34729
ATS86569,Rlife,Rlife,Aug,34729
ATS85664,Rlife,Rlife,Aug,34729
ATS84919,Rlife,Rlife,Aug,34729
ATS67091,Rlife,Rlife,Aug,34729
ATS92812,Rlife,Rlife,Aug,34729
ATS88640,Rlife,Rlife,Aug,34729
ATS90141,Rlife,Rlife,Aug,34729
ATS90495,Rlife,Rlife,Aug,34729
ATS90142,Rlife,Rlife,Aug,34729
ATS81922,Rlife,Rlife,Aug,34729
ATS87421,Rlife,Rlife,Aug,34729
ATS88720,Rlife,Rlife,Aug,34729
ATS89778,Rlife,Rlife,Aug,34729
ATS94449,Rlife,Rlife,Aug,34729
ATS84164,Rlife,Rlife,Aug,34729
ATS89014,Rlife,Rlife,Aug,34729
