ATS70277,ICAI
ATS72576,ICAI
ATS77068,ICAI
ATS80161,ICAI
ATS80148,ICAI
ATS81188,ICAI
ATS81184,ICAI
ATS81988,ICAI
ATS82976,ICAI
ATS84268,ICAI
ATS87158,ICAI
ATS87043,ICAI
ATS89251,ICAI
ATS91624,ICAI
ATS91626,ICAI
ATS91629,ICAI
ATS92157,ICAI
ATS92891,ICAI
ATS92916,ICAI
ATS94335,ICAI
ATS94341,ICAI
ATS94334,ICAI
ATS94337,ICAI
ATS94343,ICAI
ATS94409,ICAI
ATS94737,ICAI
ATS95162,ICAI
ATS95163,ICAI
ATS95164,ICAI
ATS95158,ICAI
ATS85433,ICAI
ATS96752,ICAI
ATS96753,ICAI
ATS96755,ICAI
ATS96845,ICAI
ATS96754,ICAI
ATS70277,ICAI
ATS72576,ICAI
ATS77068,ICAI
ATS80161,ICAI
ATS80148,ICAI
ATS81188,ICAI
ATS81184,ICAI
ATS81988,ICAI
ATS82976,ICAI
ATS84268,ICAI
ATS85422,ICAI-HYD
ATS86959,ICAI-HYD
ATS87158,ICAI
ATS87043,ICAI
ATS89251,ICAI
ATS89918,ICAI-HYD
ATS91159,ICAI-HYD
ATS91624,ICAI
ATS91626,ICAI
ATS91629,ICAI
ATS91783,ICAI-HYD
ATS92157,ICAI
ATS92891,ICAI
ATS92916,ICAI
ATS94335,ICAI
ATS94341,ICAI
ATS94334,ICAI
ATS94337,ICAI
ATS94343,ICAI
ATS94409,ICAI
ATS94737,ICAI
ATS94736,ICAI-HYD
ATS95162,ICAI
ATS95163,ICAI
ATS95229,ICAI-HYD
ATS95235,ICAI-HYD
ATS95164,ICAI
ATS95158,ICAI
ATS95876,ICAI-HYD
ATS85433,ICAI
ATS96752,ICAI
ATS96753,ICAI
ATS96755,ICAI
ATS96845,ICAI
ATS96754,ICAI
ATS100279,ICAI-HYD
ATS100614,ICAI
ATS100629,ICAI
ATS101049,ICAI
ATS101046,ICAI
ATS101047,ICAI
ATS100085,Poshan_Helpline-Hyd
ATS100086,Poshan_Helpline-Hyd
ATS100119,Poshan_Helpline-Hyd
ATS100171,Poshan_Helpline
ATS100210,Poshan_Helpline
ATS100270,Poshan_Helpline
ATS100947,Poshan_Helpline-Hyd
ATS100959,Poshan_Helpline-Hyd
ATS100969,Poshan_Helpline-Hyd
ATS100970,Poshan_Helpline-Hyd
ATS101002,Poshan_Helpline-Hyd
ATS101295,Poshan_Helpline-Hyd
ATS101319,Poshan_Helpline-Hyd
ATS101506,Poshan_Helpline-Hyd
ATS101513,Poshan_Helpline-Hyd
ATS101537,Poshan_Helpline-Hyd
ATS78820,Poshan_Helpline
ATS83927,Poshan_Helpline
ATS86441,Poshan_Helpline
ATS90713,Poshan_Helpline-Hyd
ATS92257,Poshan_Helpline
ATS92557,Poshan_Helpline
ATS92581,Poshan_Helpline
ATS92713,Poshan_Helpline
ATS93110,Poshan_Helpline
ATS93192,Poshan_Helpline-Hyd
ATS93194,Poshan_Helpline-Hyd
ATS93195,Poshan_Helpline-Hyd
ATS93196,Poshan_Helpline-Hyd
ATS93215,Poshan_Helpline-Hyd
ATS93217,Poshan_Helpline-Hyd
ATS93220,Poshan_Helpline-Hyd
ATS93293,Poshan_Helpline
ATS93296,Poshan_Helpline
ATS93662,Poshan_Helpline
ATS93663,Poshan_Helpline
ATS93718,Poshan_Helpline
ATS93808,Poshan_Helpline-Hyd
ATS93871,Poshan_Helpline-Hyd
ATS93877,Poshan_Helpline
ATS93895,Poshan_Helpline-Hyd
ATS94103,Poshan_Helpline
ATS94130,Poshan_Helpline
ATS94131,Poshan_Helpline
ATS94133,Poshan_Helpline
ATS94134,Poshan_Helpline
ATS94391,Poshan_Helpline
ATS94392,Poshan_Helpline
ATS94494,Poshan_Helpline
ATS94714,Poshan_Helpline-Hyd
ATS96069,Poshan_Helpline
ATS96172,Poshan_Helpline-Hyd
ATS96397,Poshan_Helpline-Hyd
ATS96701,Poshan_Helpline-Hyd
ATS97099,Poshan_Helpline-Hyd
ATS97276,Poshan_Helpline
ATS97575,Poshan_Helpline
ATS97578,Poshan_Helpline
ATS97994,Poshan_Helpline-Hyd
ATS98005,Poshan_Helpline
ATS98008,Poshan_Helpline
ATS98587,Poshan_Helpline
ATS98589,Poshan_Helpline
ATS98599,Poshan_Helpline
ATS98602,Poshan_Helpline
ATS98739,Poshan_Helpline
ATS98740,Poshan_Helpline
ATS98928,Poshan_Helpline
ATS98929,Poshan_Helpline
ATS99014,Poshan_Helpline
ATS99124,Poshan_Helpline
ATS99374,Poshan_Helpline
ATS99375,Poshan_Helpline
ATS99376,Poshan_Helpline
ATS99377,Poshan_Helpline
ATS99378,Poshan_Helpline
ATS99416,Poshan_Helpline
ATS99417,Poshan_Helpline
ATS99439,Poshan_Helpline
ATS99440,Poshan_Helpline
ATS99441,Poshan_Helpline
ATS99532,Poshan_Helpline
ATS99533,Poshan_Helpline
ATS99633,Poshan_Helpline
ATS99733,Poshan_Helpline
ATS99734,Poshan_Helpline
ATS99785,Poshan_Helpline
ATS99979,Poshan_Helpline
ATS99982,Poshan_Helpline
ATS99984,Poshan_Helpline
ATS99985,Poshan_Helpline
ATS99986,Poshan_Helpline
ATS99989,Poshan_Helpline
ATS100431,L&T Services-Mumbai
ATS100434,L&T Services-Mumbai
ATS100470,L&T Services-Mumbai
ATS101006,L&T Services-Mumbai
ATS101267,L&T Services-Mumbai
ATS101330,L&T Services-Mumbai
ATS101363,L&T Services-Mumbai
ATS101365,L&T Services-Mumbai
ATS101366,L&T Services-Mumbai
ATS101367,L&T Services-Mumbai
ATS101586,L&T Services-Mumbai
ATS86714,L&T Services-Mumbai
ATS86715,L&T Services-Mumbai
ATS86749,L&T Services-Mumbai
ATS86750,L&T Services-Mumbai
ATS86754,L&T Services-Mumbai
ATS86815,L&T Services-Mumbai
ATS87187,L&T Services-Mumbai
ATS88359,L&T Services-Mumbai
ATS88754,L&T Services-Mumbai
ATS89884,L&T Services-Mumbai
ATS90545,L&T Services-Mumbai
ATS90613,L&T Services-Mumbai
ATS92084,L&T Services-Mumbai
ATS92124,L&T Services-Mumbai
ATS92125,L&T Services-Mumbai
ATS92185,L&T Services-Mumbai
ATS92295,L&T Services-Mumbai
ATS92561,L&T Services-Mumbai
ATS92776,L&T Services-Mumbai
ATS93444,L&T Services-Mumbai
ATS93674,L&T Services-Mumbai
ATS93675,L&T Services-Mumbai
ATS94157,L&T Services-Mumbai
ATS94283,L&T Services-Mumbai
ATS95231,L&T Services-Mumbai
ATS96213,L&T SME
ATS96702,L&T SME
ATS96866,L&T SME
ATS97110,L&T Services-Mumbai
ATS97161,L&T Services-Mumbai
ATS97162,L&T Services-Mumbai
ATS97163,L&T Services-Mumbai
ATS97311,L&T Services-Mumbai
ATS97392,L&T SME
ATS97799,L&T SME
ATS97952,L&T SME
ATS98366,L&T SME
ATS98372,L&T Services-Mumbai
ATS98373,L&T Services-Mumbai
ATS98741,L&T SME
ATS99204,L&T Services-Mumbai
ATS99205,L&T Services-Mumbai
ATS99531,L&T SME
ATS99551,L&T Services-Mumbai
ATS100164,Namma_Yatri
ATS100176,Namma_Yatri
ATS100917,Namma_Yatri
ATS100918,Namma_Yatri
ATS80560,Namma_Yatri
ATS80897,Namma_Yatri
ATS86258,Namma yatri-Bengaluru
ATS89529,Namma yatri-Bengaluru
ATS89834,Namma yatri-Bengaluru
ATS91150,Namma yatri-Bengaluru
ATS91186,Namma yatri-Bengaluru
ATS91332,Namma yatri-Bengaluru
ATS91333,Namma yatri-Bengaluru
ATS91335,Namma yatri-Bengaluru
ATS91885,Namma yatri-Bengaluru
ATS92172,Namma yatri-Bengaluru
ATS93231,Namma_Yatri
ATS93232,Namma_Yatri
ATS93242,Namma yatri-Bengaluru
ATS93269,Namma yatri-Bengaluru
ATS93927,Namma yatri-Bengaluru
ATS93956,Namma yatri-Bengaluru
ATS95914,Namma yatri-Bengaluru
ATS95947,Namma yatri-Bengaluru
ATS98468,Namma yatri-Bengaluru
ATS98857,Namma yatri-Bengaluru
ATS99668,Namma yatri-Bengaluru
ATS98378,Max_Life-SDPL COE
ATS99330,Max_Life-SDPL COE
ATS98377,Max_Life-SDPL COE
ATS68836,Max_Life-SDPL COE
ATS100754,Max_Life-SDPL COE
ATS61947,Max_Life-SDPL COE
ATS100753,Max_Life-SDPL COE
ATS62040,Max_Life-SDPL COE
ATS100143,Max_Life-SDPL COE
ATS99328,Max_Life-SDPL COE
ATS99334,Max_Life-SDPL COE
ATS84322,Max_Life-SDPL COE
ATS84321,Max_Life-SDPL COE
ATS89741,Max_Life-SDPL COE
ATS92595,Max_Life-SDPL COE
ATS99333,Max_Life-SDPL COE
ATS89726,Max_Life-SDPL COE
ATS92591,Max_Life-SDPL COE
ATS88177,Max_Life-SDPL COE
ATS92319,Max_Life-SDPL COE
ATS58631,Max_Life-SDPL COE
ATS92592,Max_Life-SDPL COE
ATS83279,Max_Life-SDPL COE
ATS89725,Max_Life-SDPL COE
ATS98491,Max_Life-SDPL COE
ATS100752,Max_Life-SDPL COE
ATS89740,Max_Life-SDPL COE
ATS98376,Max_Life-SDPL COE
ATS88228,Max_Life-SDPL COE
ATS92593,Max_Life-SDPL COE
ATS89739,Max_Life-SDPL COE
ATS83278,Max_Life-SDPL COE
ATS96289,Max_Life-SDPL COE
ATS100832,Max_Life-SDPL COE
ATS76475,Max_Life-SDPL COE
ATS96286,Max_Life-SDPL COE
ATS96204,Max_Life-SDPL COE
ATS96205,Max_Life-SDPL COE
ATS96288,Max_Life-SDPL COE
ATS67168,Max_Life-SDPL COE
ATS67169,Max_Life-SDPL COE
ATS100751,Max_Life-SDPL
ATS100146,Max_Life-SDPL
ATS100209,Max_Life-SDPL
ATS100178,Max_Life-SDPL
ATS100145,Max_Life-SDPL
ATS101607,Max_Life-SDPL
ATS101673,Max_Life-SDPL
ATS101605,Max_Life-SDPL
ATS101576,Max_Life-SDPL
ATS101604,Max_Life-SDPL
ATS101675,Max_Life-SDPL
ATS101608,Max_Life-SDPL
ATS101606,Max_Life-SDPL
ATS101577,Max_Life-SDPL
ATS101574,Max_Life-SDPL
ATS92315,Max_Life-SDPL
ATS101674,Max_Life-SDPL
ATS101078,Max_Life-SDPL
ATS101065,Max_Life-SDPL
ATS97052,Max_Life-SDPL
ATS101064,Max_Life-SDPL
ATS101067,Max_Life-SDPL
ATS101068,Max_Life-SDPL
ATS101075,Max_Life-SDPL
ATS101082,Max_Life-SDPL
ATS101073,Max_Life-SDPL
ATS90053,Max_Life-SDPL
ATS100755,Max_Life-SDPL
ATS101069,Max_Life-SDPL
ATS86115,Max_Life-SDPL
ATS97055,Max_Life-SDPL
ATS101079,Max_Life-SDPL
ATS101119,Max_Life-SDPL
ATS82054,Max_Life-SDPL
ATS100142,Max_Life-SDPL
ATS97053,Max_Life-SDPL
ATS92016,Max_Life-SDPL
ATS92359,Max_Life-SDPL
ATS101071,Max_Life-SDPL
ATS97054,Max_Life-SDPL
ATS100141,Max_Life-SDPL
ATS88952,Max_Life-SDPL
ATS100831,Max_Life-SDPL
ATS101066,Max_Life-SDPL
ATS91434,Max_Life-SDPL
ATS93646,Max_Life-SDPL
ATS101070,Max_Life-SDPL
ATS97152,Max_Life-SDPL
ATS100750,Max_Life-SDPL
ATS100759,Max_Life-SDPL
ATS100749,Max_Life-SDPL
ATS78531,Max_Life-SDPL
ATS92586,Max_Life-SDPL
ATS97057,Max_Life-SDPL
ATS92589,Max_Life-SDPL
ATS75473,Max_Life-SDPL
ATS68843,Max_Life-SDPL
ATS97157,Max_Life-SDPL
ATS99337,Max_Life-SDPL
ATS100833,Max_Life-SDPL
ATS69826,Max_Life-SDPL
ATS100179,Max_Life-SDPL
ATS100144,Max_Life-SDPL
ATS98635,Max_Life-SDPL
ATS92312,Max_Life-SDPL
ATS100758,Max_Life-SDPL
ATS98381,Max_Life-SDPL
ATS100757,Max_Life-SDPL
ATS70258,Max_Life-SDPL
ATS69978,Max_Life-SDPL
ATS97153,Max_Life-SDPL
ATS100756,Max_Life-SDPL
ATS97155,Max_Life-SDPL
ATS99335,Max_Life-SDPL
ATS98494,Max_Life-SDPL
ATS98498,Max_Life-SDPL
ATS97873,Bajaj_Allianz-L1
ATS100994,Bajaj_Allianz-L1
ATS100984,Bajaj_Allianz-L1
ATS95417,Bajaj_Allianz-L1
ATS99689,Bajaj_Allianz-L1
ATS87804,Bajaj_Allianz-L1
ATS99793,Bajaj_Allianz-L1
ATS100864,Bajaj_Allianz-L1
ATS73564,Bajaj_Allianz-L1
ATS99256,Bajaj_Allianz-L1
ATS99690,Bajaj_Allianz-L1
ATS77904,Bajaj_Allianz-L1
ATS71184,Bajaj_Allianz-L1
ATS95744,Bajaj_Allianz-L1
ATS89838,Bajaj_Allianz-L1
ATS88386,Bajaj_Allianz-L1
ATS101015,Bajaj_Allianz-L1
ATS99260,Bajaj_Allianz-L1
ATS87782,Bajaj_Allianz-L1
ATS84073,Bajaj_Allianz-L1
ATS96624,Bajaj_Allianz-L1
ATS76448,Bajaj_Allianz-L1
ATS100985,Bajaj_Allianz-L1
ATS100987,Bajaj_Allianz-L1
ATS86739,Bajaj_Allianz-L1
ATS99262,Bajaj_Allianz-L1
ATS95541,Bajaj_Allianz-L1
ATS96630,Bajaj_Allianz-L1
ATS99688,Bajaj_Allianz-L1
ATS89763,Bajaj_Allianz-L1
ATS98346,Bajaj_Allianz-L1
ATS100860,Bajaj_Allianz-L1
ATS99692,Bajaj_Allianz-L1
ATS99792,Bajaj_Allianz-L1
ATS99258,Bajaj_Allianz-L1
ATS94257,Bajaj_Allianz-L1
ATS72994,Bajaj_Allianz-L1
ATS84075,Bajaj_Allianz-L1
ATS94998,Bajaj_Allianz-L1
ATS94259,Bajaj_Allianz-L1
ATS100990,Bajaj_Allianz-L1
ATS99263,Bajaj_Allianz-L1
ATS94263,Bajaj_Allianz-L1
ATS79596,Bajaj_Allianz-L1
ATS100861,Bajaj_Allianz-L1
ATS95534,Bajaj_Allianz-L1
ATS100993,Bajaj_Allianz-L1
ATS97869,Bajaj_Allianz-L1
ATS101097,Bajaj_Allianz-L1
ATS100865,Bajaj_Allianz-L1
ATS77912,Bajaj_Allianz-L1
ATS95542,Bajaj_Allianz-L1
ATS79652,Bajaj_Allianz-L1
ATS94266,Bajaj_Allianz-L1
ATS88535,Bajaj_Allianz-L1
ATS99694,Bajaj_Allianz-L1
ATS99259,Bajaj_Allianz-L1
ATS70183,Bajaj_Allianz-L1
ATS80030,Bajaj_Allianz-L1
ATS84068,Bajaj_Allianz-L1
ATS81898,Bajaj_Allianz-L1
ATS71663,Bajaj_Allianz-L1
ATS100986,Bajaj_Allianz-L1
ATS101018,Bajaj_Allianz-L1
ATS82844,Bajaj_Allianz-L1
ATS90868,Bajaj_Allianz-L1
ATS97868,Bajaj_Allianz-L1
ATS101563,Bajaj_Allianz-L1
ATS101564,Bajaj_Allianz-L1
ATS101560,Bajaj_Allianz-L1
ATS101715,Bajaj_Allianz-L1
ATS101508,Bajaj_Allianz-L1
ATS101562,Bajaj_Allianz-L1
ATS101507,Bajaj_Allianz-L1
ATS101561,Bajaj_Allianz-L1
ATS79973,Bajaj_Allianz-L2
ATS100862,Bajaj_Allianz-L2
ATS99697,Bajaj_Allianz-L2
ATS79978,Bajaj_Allianz-L2
ATS101379,Bajaj_Allianz-L2
ATS79600,Bajaj_Allianz-L2
ATS90870,Bajaj_Allianz-L2
ATS85283,Bajaj_Allianz-L2
ATS83339,Bajaj_Allianz-L2
ATS99696,Bajaj_Allianz-L2
ATS101016,Bajaj_Allianz-L2
ATS100859,Bajaj_Allianz-L2
ATS100991,Bajaj_Allianz-L2
ATS101017,Bajaj_Allianz-L2
ATS81900,Bajaj_Allianz-L2
